rank,gene_id,tcga_cox_p,cptac_cox_p,is_literature_curated
1,ENSG00000134333.14,9.328003234638036e-05,0.0150591409973987,True
2,ENSG00000105976.16,0.0002647285206211,0.2418808588050036,True
3,ENSG00000170312.16,0.0013218211132767,0.2519689088290914,True
4,ENSG00000160712.13,0.003559160258695,0.0032314649055671,True
5,ENSG00000205420.11,0.004123575191191,0.2821097108068257,True
6,ENSG00000171345.13,0.0041367715844923,0.22036272466859,True
7,ENSG00000005884.18,0.0041893062637453,0.1026235921166783,True
8,ENSG00000122861.16,0.0045036612518193,0.1450663142948559,True
9,ENSG00000196754.13,0.0045596638096405,0.0843985263805814,True
10,ENSG00000134057.15,0.0054318543444281,0.0696747187438605,True
11,ENSG00000149554.13,0.0077306857891034,0.0032092207482315,True
12,ENSG00000131747.15,0.0096361861023813,0.0906038484930754,True
13,ENSG00000058085.15,0.0105620834839963,0.3762983257693143,True
14,ENSG00000087586.18,0.0120717360805832,0.1337480942112373,True
15,ENSG00000074800.16,0.0147352863318088,0.1292588941207354,True
16,ENSG00000051180.17,0.0166591752251139,0.3546103441264815,True
17,ENSG00000117713.20,0.0215785375784133,0.6454741921823846,True
18,ENSG00000120217.14,0.0215965863138158,0.6166066252049154,True
19,ENSG00000171791.14,0.0251182815020763,0.102224916811882,True
20,ENSG00000148773.14,0.0254297293499659,0.7730700364810706,True
21,ENSG00000117394.24,0.0259436626760155,0.3183562817514584,True
22,ENSG00000132646.11,0.0259574000072462,0.0129593042368529,True
23,ENSG00000196154.12,0.0277061787735832,0.4194636677034099,True
24,ENSG00000019549.13,0.0343963092894651,0.0081560191110881,True
25,ENSG00000102554.14,0.0343976929806431,0.5629646605804666,True
26,ENSG00000170558.10,0.0347586330476894,0.2267013458956371,True
27,ENSG00000104738.18,0.0370856337125471,0.0543269209517072,True
28,ENSG00000012061.16,0.042560126848637,0.0267977753953346,True
29,ENSG00000089685.15,0.0443089674579205,0.0960795654764084,True
30,ENSG00000133703.13,0.0465347363347391,0.2048476352261667,True
31,ENSG00000090382.7,0.0492216176614198,0.0006643094643804,True
32,ENSG00000057149.16,0.05199097048675,0.2694107443527954,True
33,ENSG00000011422.12,0.0526569430171074,0.6223917315404268,True
34,ENSG00000186847.6,0.0547530121768776,0.9125656608737488,True
35,ENSG00000108691.9,0.0741316016646444,0.5786573760445674,True
36,ENSG00000164171.11,0.0788988018433747,0.6729053257850829,True
37,ENSG00000107159.13,0.0882873520624151,0.0280952894988727,True
38,ENSG00000205426.10,0.0886724513090937,0.0954480895444947,True
39,ENSG00000099953.10,0.0925845218765613,0.0866330822673446,True
40,ENSG00000166851.15,0.0932066636633076,0.6952270641340014,True
41,ENSG00000107562.16,0.0935121725398722,0.61657835510398,True
42,ENSG00000095002.15,0.1019234683144104,0.0220347188684117,True
43,ENSG00000157764.14,0.1056001193315355,0.7650385381941542,True
44,ENSG00000112715.25,0.117080416674412,0.1943724195785827,True
45,ENSG00000108375.13,0.1206411087038378,0.6088675004505317,True
46,ENSG00000149311.19,0.1253987101670346,0.976260760428638,True
47,ENSG00000159399.10,0.1298833639220235,0.5433310659388921,True
48,ENSG00000087088.20,0.1363603589892133,0.8692663189535432,True
49,ENSG00000105173.14,0.1410270544659118,0.3725776676591165,True
50,ENSG00000122691.13,0.158455037534535,0.1408238765936647,True
51,ENSG00000141646.14,0.1584773993487587,0.024043747873357,True
52,ENSG00000113083.15,0.1615174426179718,0.0342811938066915,True
53,ENSG00000178999.13,0.1639858748199842,0.6134827962661518,True
54,ENSG00000132470.14,0.1662072190194761,0.0568772415540399,True
55,ENSG00000026025.16,0.169353057657515,0.0654968832934262,True
56,ENSG00000185499.16,0.1759591426473156,0.5106671167313409,True
57,ENSG00000128422.17,0.1768005362397084,0.166924387556881,True
58,ENSG00000175054.16,0.1819867763695892,0.7412556729546727,True
59,ENSG00000125798.15,0.1835146424013733,0.2004098711540457,True
60,ENSG00000137673.9,0.1843346740407163,0.4326535474686366,True
61,ENSG00000189143.9,0.1874891606278281,0.3296680847073409,True
62,ENSG00000091409.15,0.1939844746612763,0.5558400253038144,True
63,ENSG00000083093.10,0.2091977690056163,0.1060073884910299,True
64,ENSG00000186081.12,0.2092115823032877,0.639265509819567,True
65,ENSG00000012048.23,0.2453770260201139,0.0800310875924602,True
66,ENSG00000139515.6,0.2524744720377138,0.0076760744218045,True
67,ENSG00000139329.5,0.2564687721747418,0.3463406254625717,True
68,ENSG00000121807.6,0.2620435069720028,0.0098182159086474,True
69,ENSG00000049768.16,0.2796350135513435,0.0616721321661929,True
70,ENSG00000168610.16,0.2981978825674075,0.1584006872254245,True
71,ENSG00000157227.13,0.2999903069248275,0.1055608165409174,True
72,ENSG00000198851.10,0.30252048275716,0.021773218709927,True
73,ENSG00000141448.11,0.3151393120569199,0.0018617541340571,True
74,ENSG00000110092.4,0.3176796480357331,0.4844593550844833,True
75,ENSG00000076242.16,0.3183134914950789,0.4032339315973412,True
76,ENSG00000066405.13,0.3255491699356419,0.0022797238601007,True
77,ENSG00000115414.21,0.3327278587635257,0.0785046253161434,True
78,ENSG00000206073.11,0.3519528076906051,0.4681933479700291,True
79,ENSG00000204262.14,0.3657557064711175,0.0916508461481838,True
80,ENSG00000039068.19,0.3688314317652295,0.2846423283361581,True
81,ENSG00000188389.11,0.3920617866612704,0.1839609120390527,True
82,ENSG00000169554.22,0.4069773597347816,0.6898580999816326,True
83,ENSG00000087245.13,0.4095666625172016,0.357901825075694,True
84,ENSG00000119888.11,0.4253038989963296,0.8505129590029019,True
85,ENSG00000169856.9,0.4331270449083856,0.7150708896367624,True
86,ENSG00000172023.8,0.4448447084238949,0.5116300720582428,True
87,ENSG00000172116.23,0.4489948663614266,0.1655788228978869,True
88,ENSG00000100644.17,0.4492693678671614,0.0478719157703121,True
89,ENSG00000115386.6,0.4517684277817761,0.274372082755189,True
90,ENSG00000150093.20,0.4597902453429162,0.01318588565608,True
91,ENSG00000149925.22,0.4673446971733572,0.6653647384599737,True
92,ENSG00000121966.7,0.469194001623584,0.2487473893556909,True
93,ENSG00000122512.16,0.4757770224436287,0.329389382389502,True
94,ENSG00000119547.6,0.4845816829032541,0.8187948450224993,True
95,ENSG00000136244.12,0.4852087381277925,0.804312942417952,True
96,ENSG00000073111.14,0.4921462020130518,0.4887637511097612,True
97,ENSG00000163599.17,0.4982197435068447,0.0622502107106837,True
98,ENSG00000076003.5,0.5041858627205398,0.0014192665657524,True
99,ENSG00000100985.7,0.5287908529362888,0.6631968849392509,True
100,ENSG00000086548.9,0.5506442943657095,0.1282996109253516,True
101,ENSG00000160182.3,0.560688299163739,0.1310813831913977,True
102,ENSG00000123374.11,0.5687032818383921,0.0080081342412225,True
103,ENSG00000177575.13,0.5705182831954116,0.6435421538968852,True
104,ENSG00000164692.18,0.575877830581969,0.0650129735709498,True
105,ENSG00000078098.14,0.5759414371763736,0.1053971913179429,True
106,ENSG00000149591.17,0.5780442886170013,0.349615344959887,True
107,ENSG00000113140.11,0.5947005616108666,0.2682402063578745,True
108,ENSG00000167286.10,0.5955993448538799,0.0067035729522598,True
109,ENSG00000139618.16,0.6059484562375856,0.8727401892601091,True
110,ENSG00000073282.14,0.6061993558897549,0.933909564263699,True
111,ENSG00000142173.16,0.6194883705230689,0.7168640467541015,True
112,ENSG00000130635.16,0.6515194854288504,0.3681667904861216,True
113,ENSG00000106541.12,0.6903053619102874,0.126320981035607,True
114,ENSG00000168542.16,0.6968681142558707,0.0975055684604973,True
115,ENSG00000163359.16,0.7254298576177104,0.0181106460557723,True
116,ENSG00000153563.16,0.7301288204407905,0.1595400144687063,True
117,ENSG00000118046.16,0.7321819424931216,0.0150306629145739,True
118,ENSG00000142156.15,0.735521270822312,0.7410585061815571,True
119,ENSG00000185479.6,0.7375403381396968,0.4705796567796448,True
120,ENSG00000170608.3,0.73817457797359,0.0764644022213517,True
121,ENSG00000183765.23,0.7439003768091794,0.3611129314522011,True
122,ENSG00000148516.22,0.7491686292569465,0.1352147703664449,True
123,ENSG00000107796.13,0.7917933160995151,0.8531994302123671,True
124,ENSG00000160181.9,0.8067446707531485,0.5172989887945967,True
125,ENSG00000136997.21,0.8072265099543054,0.6251096254616617,True
126,ENSG00000158516.12,0.8171370382309069,0.4835286637078809,True
127,ENSG00000147050.16,0.8192470216607304,0.2915575490569767,True
128,ENSG00000105329.11,0.8327612909757767,0.6494623118291794,True
129,ENSG00000101076.17,0.835751813822729,0.0070622500550737,True
130,ENSG00000215182.8,0.8364630083262877,0.4443836020595031,True
131,ENSG00000127616.19,0.8466543146668396,0.8718522545026857,True
132,ENSG00000164749.13,0.849170362240657,0.1517950288651061,True
133,ENSG00000133110.15,0.8571946797768281,0.0132114788510245,True
134,ENSG00000182578.14,0.86304471604414,0.5844770012555066,True
135,ENSG00000168928.13,0.867878359516687,0.4517907647541475,True
136,ENSG00000121879.6,0.8821123891766208,0.0050220675423444,True
137,ENSG00000175535.6,0.8864485041927831,0.4023753535726714,True
138,ENSG00000164305.19,0.8876892469852196,0.3195168817404288,True
139,ENSG00000129226.14,0.8922631419053115,0.4467934727823307,True
140,ENSG00000153002.12,0.8954187232798243,0.4471570117813488,True
141,ENSG00000171862.11,0.9059833737874468,0.0828077740823686,True
142,ENSG00000091704.10,0.9086106998043556,0.4512515636993712,True
143,ENSG00000106799.13,0.9191759626877204,0.6574406707965226,True
144,ENSG00000011465.18,0.923415069738058,0.7040487903953012,True
145,ENSG00000147889.18,0.9254203842048314,0.074183400430602,True
146,ENSG00000168925.12,0.9277675137229852,0.5084924004347942,True
147,ENSG00000184371.14,0.9297816670192184,0.3143164740991966,True
148,ENSG00000182492.16,0.9301655097811444,0.7881851529714688,True
149,ENSG00000169429.11,0.9400477044074552,0.0215687916779755,True
150,ENSG00000147883.12,0.9528949822732632,0.2806501885263358,True
151,ENSG00000163513.19,0.9542991036618867,0.5446688685319586,True
152,ENSG00000137801.11,0.9557450533510397,0.2179424955885562,True
153,ENSG00000137392.10,0.955756452643952,0.5591380732550575,True
154,ENSG00000087460.27,0.9567770898046406,0.7303921367212193,True
155,ENSG00000092969.12,0.9573561123828288,0.0065300313419935,True
156,ENSG00000135100.18,0.9578832068179224,0.0063834337500823,True
157,ENSG00000105388.16,0.9580106368073924,0.2098770033614667,True
158,ENSG00000141510.18,0.9648630626979272,0.2892929359612761,True
159,ENSG00000116062.17,0.9766275805225612,2.248659254529596e-05,True
160,ENSG00000124216.4,0.9788701751725342,0.3069903326195771,True
161,ENSG00000130675.15,0.983822498151672,0.0956049101251812,True
162,ENSG00000204983.14,0.994793026486422,0.4792863235211039,True
163,ENSG00000108821.14,0.9962390177699084,0.3233472168236545,True
164,ENSG00000215545.1,7.067755628239266e-11,2.0650350187704112e-05,False
165,ENSG00000145681.11,6.182910113734465e-05,0.0020067876752064,False
166,ENSG00000121316.11,0.0024094816580102,0.0017156137515897,False
167,ENSG00000125629.15,0.0026882206073355,0.0014377733261723,False
168,ENSG00000152056.17,0.0016424632098591,0.0029135434006892,False
169,ENSG00000135709.12,0.0022670450379435,0.0025196589899012,False
170,ENSG00000135596.18,0.0038536234115696,0.0021867574851407,False
171,ENSG00000133424.22,0.0015865833484723,0.0047178682444524,False
172,ENSG00000056558.11,0.0011634987659587,0.0059883829520079,False
173,ENSG00000135480.16,0.003280619851988,0.0043840955380885,False
174,ENSG00000173926.6,0.0060245861284353,0.0021396179493924,False
175,ENSG00000122565.19,0.0070602340073327,0.001665644366666,False
176,ENSG00000100060.18,0.0088729052760232,0.0006621609153639,False
177,ENSG00000188158.16,0.0034873805109604,0.0064407439661684,False
178,ENSG00000135929.9,0.0069233439874096,0.0030635310802084,False
179,ENSG00000118363.12,0.0096384503339233,0.0007459830953088,False
180,ENSG00000113356.13,0.0080896715723496,0.002506878158316,False
181,ENSG00000134775.15,0.0002927934717833,0.0103596162747351,False
182,ENSG00000057019.16,0.0094276676821862,0.001715908209347,False
183,ENSG00000171365.17,0.0114495357722382,0.0002805845613733,False
184,ENSG00000121579.13,0.0015836906473073,0.0101909888987956,False
185,ENSG00000134153.10,0.0066278831496522,0.0052462936827414,False
186,ENSG00000100628.12,0.0103320630771276,0.0015441673711057,False
187,ENSG00000128050.9,0.0116452592737121,0.0002648214751108,False
188,ENSG00000189064.8,0.0103064117980475,0.0017176414859947,False
189,ENSG00000109272.4,0.0116360311476935,0.0006370782886211,False
190,ENSG00000285010.1,0.0096967084657137,0.0031361180960997,False
191,ENSG00000166902.5,0.0013058396659633,0.0117660361145338,False
192,ENSG00000164032.12,0.0082556969272656,0.0051292347274571,False
193,ENSG00000189319.14,0.0036259457337896,0.0098496296496306,False
194,ENSG00000100575.14,0.0124435770866026,0.0010845122551859,False
195,ENSG00000185271.9,0.0052331895579885,0.0086422407520405,False
196,ENSG00000164024.12,0.0070937736921092,0.0071904779000032,False
197,ENSG00000163689.20,0.0122574511748033,0.0020581951968882,False
198,ENSG00000160216.21,0.011480983049197,0.0030190873600751,False
199,ENSG00000169507.9,0.0033130064600345,0.0111898166231597,False
200,ENSG00000109534.17,0.0105715248236607,0.0041665770911684,False
201,ENSG00000156049.7,0.011616745305181,0.0031679227586435,False
202,ENSG00000106829.20,0.0007012557748544,0.0143636159699799,False
203,ENSG00000147689.16,0.0101218876386404,0.0050228512144197,False
204,ENSG00000131323.16,0.0065555489900866,0.0089882719209654,False
205,ENSG00000138382.15,0.0114744107280881,0.0044022304241045,False
206,ENSG00000214290.8,0.009968688111594,0.006208432742867,False
207,ENSG00000126953.8,0.010131180550771,0.0064469757623499,False
208,ENSG00000263264.2,0.0018018453704073,0.0148360424719326,False
209,ENSG00000132819.17,0.0122986799306722,0.0045231080306616,False
210,ENSG00000163687.14,0.0070497381759969,0.0098292553125365,False
211,ENSG00000169288.18,0.0029308980334858,0.0140284755805817,False
212,ENSG00000174013.8,0.0136272532586545,0.0038971676584363,False
213,ENSG00000103490.14,0.0166411701912891,0.0008944511044636,False
214,ENSG00000087502.18,0.0003549953967714,0.0174741365456604,False
215,ENSG00000064102.15,0.005609042590642,0.0123480880208759,False
216,ENSG00000157350.13,0.0021922623903716,0.01613396807108,False
217,ENSG00000213088.12,0.0169925811971254,0.0014112812693714,False
218,ENSG00000011426.11,0.001046897499115,0.0175340801515966,False
219,ENSG00000114503.11,0.0143801672360809,0.0044991816643882,False
220,ENSG00000082515.18,0.0064711428008418,0.0124172699569876,False
221,ENSG00000170027.7,0.0078027387118085,0.0117769906229445,False
222,ENSG00000112658.8,0.0054446150019098,0.0145537297094221,False
223,ENSG00000100804.19,0.017709710561396,0.0022899210178993,False
224,ENSG00000128944.13,0.0004195071304459,0.020125312688752,False
225,ENSG00000116852.15,0.0040414095474855,0.0165439024451916,False
226,ENSG00000006451.8,0.0012990799348865,0.0201290852338406,False
227,ENSG00000010322.16,0.0053219529363413,0.0161639841737944,False
228,ENSG00000090776.6,0.0101460827745636,0.0118137561365818,False
229,ENSG00000141682.12,0.0217852214559397,0.0001841935430717,False
230,ENSG00000137936.18,0.0113614744982236,0.0109304163163635,False
231,ENSG00000068831.19,0.0175584088493402,0.0049895192868184,False
232,ENSG00000184220.12,0.0205826651814629,0.0022065129814234,False
233,ENSG00000136518.17,0.0061592388680889,0.0170266634777981,False
234,ENSG00000119397.17,0.0085005801016408,0.0149325185223014,False
235,ENSG00000285231.1,0.0091338150439057,0.0143051419068102,False
236,ENSG00000054793.14,0.0179614561590441,0.0054845172509512,False
237,ENSG00000108654.16,0.0202658890881399,0.0032252984501881,False
238,ENSG00000100567.13,0.0029927109350983,0.0205186713390869,False
239,ENSG00000135424.18,0.0060474672268869,0.0176006093288115,False
240,ENSG00000186834.4,0.0147120937656511,0.0090353691600382,False
241,ENSG00000168930.13,8.757612854067712e-05,0.0238169594785926,False
242,ENSG00000074370.18,0.019955601050613,0.0039626223682454,False
243,ENSG00000241563.4,0.0228166467256951,0.0013099959813183,False
244,ENSG00000152527.14,0.0185370344973467,0.0056582558028146,False
245,ENSG00000184677.18,0.0004554338249467,0.023883140180686,False
246,ENSG00000021300.14,0.023340536260273,0.0010831933005649,False
247,ENSG00000136878.14,0.0001002168610766,0.0245112189222569,False
248,ENSG00000142197.12,0.0235541202085703,0.0017767805122115,False
249,ENSG00000264364.3,0.025422596280056,0.0001207325015935,False
250,ENSG00000078140.14,0.0229688482230948,0.0026995420217225,False
251,ENSG00000101191.17,0.0066419183913222,0.0190839488555427,False
252,ENSG00000181045.15,0.0111237247389275,0.0146777396705396,False
253,ENSG00000153391.16,0.0047402769837375,0.0217692345412427,False
254,ENSG00000206262.9,0.0259438714657353,0.0006630843412921,False
255,ENSG00000268655.2,0.0008807945646729,0.0258119585341564,False
256,ENSG00000235162.9,0.0252281339602572,0.001873326638485,False
257,ENSG00000072135.13,0.0245120803673885,0.0026400615966646,False
258,ENSG00000188620.11,0.0205326254512889,0.0066573375294365,False
259,ENSG00000164163.11,0.0261796468488826,0.0016043666516974,False
260,ENSG00000163655.16,0.0275933165479939,0.0002891240490791,False
261,ENSG00000138764.15,0.0034235829166342,0.0246989532427204,False
262,ENSG00000185608.8,0.0163918447361768,0.0121013784160704,False
263,ENSG00000178538.10,0.0051597905816882,0.0236769884680935,False
264,ENSG00000122884.12,0.0163921413860899,0.0126051948934739,False
265,ENSG00000196182.11,0.0219189929599483,0.0070813610774732,False
266,ENSG00000170855.4,0.019938791977494,0.0090683921637754,False
267,ENSG00000137070.18,0.0224194140656362,0.0066608911755461,False
268,ENSG00000152270.9,0.020812982586378,0.0083727043345219,False
269,ENSG00000169884.14,0.0058875056524264,0.0235418657583825,False
270,ENSG00000198728.11,0.0156832721314982,0.0141349829452566,False
271,ENSG00000160294.11,0.0119608152765399,0.0180013376849167,False
272,ENSG00000126759.14,0.0245434223516998,0.0056152847794036,False
273,ENSG00000139190.17,0.010953455189779,0.0193614562830096,False
274,ENSG00000135063.19,0.0203211716962055,0.0100706411159579,False
275,ENSG00000186660.15,0.0294026637984086,0.0010141960821116,False
276,ENSG00000138271.6,0.013607311950259,0.0168265903532107,False
277,ENSG00000198911.12,0.0079763026620417,0.0231940256222337,False
278,ENSG00000148180.21,0.0313816739191326,0.0005404795270752,False
279,ENSG00000164120.14,0.0097944410402524,0.0221573211300607,False
280,ENSG00000187764.11,0.0112015895487984,0.021121476340974,False
281,ENSG00000125503.13,0.0237895148855655,0.0085732895829092,False
282,ENSG00000134884.15,0.0257991109909281,0.0066403891198543,False
283,ENSG00000168078.10,0.0035154920901184,0.0289781998972689,False
284,ENSG00000075240.17,0.0101490732813209,0.0223920769483352,False
285,ENSG00000144034.16,0.0070312931144972,0.0255409476109684,False
286,ENSG00000167910.4,0.0109540192445648,0.0216256854378723,False
287,ENSG00000196639.7,0.0107475481560038,0.021951759116882,False
288,ENSG00000255346.10,0.0232739868955358,0.0095023091023115,False
289,ENSG00000109180.15,0.0160542443867296,0.0171905522410341,False
290,ENSG00000123933.17,0.0117395779989957,0.0216050100036206,False
291,ENSG00000137962.13,0.0334124672284647,9.383222643324014e-06,False
292,ENSG00000112425.16,0.0178627783769934,0.0155827703069522,False
293,ENSG00000105048.17,0.0195907548337503,0.0140987020270755,False
294,ENSG00000166200.15,0.0063975316243434,0.0274150996300931,False
295,ENSG00000161653.11,0.0023384827690657,0.031479018214054,False
296,ENSG00000174136.13,0.0315371855509809,0.0023379111490178,False
297,ENSG00000106948.17,0.0132131459350761,0.0208187927563816,False
298,ENSG00000020426.11,0.0331537293898423,0.0010429566868519,False
299,ENSG00000110375.3,0.0160221453880071,0.0184091105020857,False
300,ENSG00000169045.17,0.0080106528006313,0.0266210212971363,False
301,ENSG00000214787.10,0.0171961310101088,0.0176157616495531,False
302,ENSG00000130595.19,0.014451723737829,0.0203693147601229,False
303,ENSG00000173457.11,0.0141401120136878,0.020693274568566,False
304,ENSG00000163815.6,0.0257096403077583,0.0091566832810228,False
305,ENSG00000029153.14,0.0014267055951904,0.0334923167539706,False
306,ENSG00000092199.18,0.0255800174545487,0.0097662146508733,False
307,ENSG00000185721.13,0.0280998878806676,0.0072826831248503,False
308,ENSG00000250298.6,0.0298735979007685,0.0057003836284348,False
309,ENSG00000103978.16,0.0036700458835008,0.0322619988520827,False
310,ENSG00000160185.15,0.0331939106098477,0.0030477187607578,False
311,ENSG00000171161.13,0.0069124736463998,0.0294299372608914,False
312,ENSG00000163820.15,0.0136620367184362,0.0227872416141953,False
313,ENSG00000149177.13,0.0355162364154513,0.0009392870952991,False
314,ENSG00000064195.7,0.0006136472680124,0.0359267660066491,False
315,ENSG00000149948.14,0.0015191932968771,0.0351335665953902,False
316,ENSG00000154930.15,0.0155593720161791,0.0210985130269864,False
317,ENSG00000177613.9,0.0058160745543509,0.0308884621447139,False
318,ENSG00000086598.11,0.0064564122770287,0.0306669195009401,False
319,ENSG00000177042.14,0.0267636916277734,0.0103775307848744,False
320,ENSG00000038358.15,0.0050017707843583,0.0321448169194747,False
321,ENSG00000189057.11,0.0104991586312825,0.0266613554110128,False
322,ENSG00000130653.16,0.0223138295368218,0.0149692784606376,False
323,ENSG00000165025.15,0.0370923183921099,0.0004080797843795,False
324,ENSG00000165935.9,0.0247441935061328,0.0127609606266979,False
325,ENSG00000043591.6,0.0356250872423039,0.0019859846378031,False
326,ENSG00000102144.15,0.0007231649602308,0.036955688193941,False
327,ENSG00000196666.6,0.0148256350434133,0.0232715418604754,False
328,ENSG00000134324.12,0.0383012007418937,5.696313304036682e-05,False
329,ENSG00000185742.7,0.0300122628940992,0.0088150981038533,False
330,ENSG00000157017.16,0.0073371632187276,0.031948602279249,False
331,ENSG00000162894.12,0.0344637465073118,0.0048336369614581,False
332,ENSG00000137876.11,0.0086926125927401,0.0306418108750972,False
333,ENSG00000180901.11,0.015434007829424,0.0239950735490155,False
334,ENSG00000198873.12,0.0373967381943481,0.0021349679232407,False
335,ENSG00000185885.16,0.0049395220775555,0.0349054990205403,False
336,ENSG00000177000.13,0.0139715292480318,0.0259984816185575,False
337,ENSG00000164185.6,0.0060729592877966,0.0344104764101301,False
338,ENSG00000167460.17,0.0134947158808182,0.0270952486759875,False
339,ENSG00000151725.12,0.0044945225113083,0.0364284715267776,False
340,ENSG00000132432.14,0.0325572069673546,0.0084712825962579,False
341,ENSG00000171202.7,0.0003268249574676,0.0407560119099447,False
342,ENSG00000136828.19,0.0228520028134388,0.0182727802176835,False
343,ENSG00000085449.15,0.0171893864864281,0.0240206190686567,False
344,ENSG00000124207.17,0.0170082740733501,0.0245808014427164,False
345,ENSG00000143643.13,0.0166988335844424,0.0252745322945332,False
346,ENSG00000196262.15,0.0106523460751541,0.0313490215692507,False
347,ENSG00000154822.18,0.0370783854049322,0.0054814858416796,False
348,ENSG00000136169.16,0.0084080016630242,0.0343335273941901,False
349,ENSG00000139865.16,0.03618468969303,0.0066085665246711,False
350,ENSG00000174564.13,2.073444080619159e-05,0.0428028753525899,False
351,ENSG00000174326.14,0.0140850238772023,0.0287835956749409,False
352,ENSG00000010319.7,0.0035804931619519,0.0395050965052526,False
353,ENSG00000099785.10,0.0361517979931273,0.0071172634526734,False
354,ENSG00000140368.13,0.0398459426183899,0.0035363948547614,False
355,ENSG00000112584.14,0.0090319349621711,0.0344786197992866,False
356,ENSG00000135951.16,0.0134566546073372,0.0300749697342422,False
357,ENSG00000197976.12,0.0348487767796122,0.0087030827830424,False
358,ENSG00000159593.15,0.0081838677598127,0.0354558363726894,False
359,ENSG00000164134.13,0.0393341079686446,0.0046969546834026,False
360,ENSG00000134825.16,0.0199459160653113,0.0241184099123184,False
361,ENSG00000173567.15,0.0199720025850149,0.0241636828244987,False
362,ENSG00000182552.15,0.0074643895713478,0.0368053270011372,False
363,ENSG00000075643.6,8.019485678909276e-05,0.0443684293027263,False
364,ENSG00000155849.15,0.0215195525322208,0.0231756203431921,False
365,ENSG00000110455.14,0.0163605222988952,0.028591382792106,False
366,ENSG00000182652.4,0.0448697808169948,0.0001226846085303,False
367,ENSG00000078699.22,0.0073053000820954,0.0377381019516665,False
368,ENSG00000174944.9,0.0245469822398831,0.0214243866290578,False
369,ENSG00000139737.22,0.0198677829589452,0.0261109549840421,False
370,ENSG00000163900.11,0.0036633929222078,0.0423919741437879,False
371,ENSG00000158717.11,0.0101254191397293,0.0360266132492777,False
372,ENSG00000180329.14,0.0042383842759035,0.0420418527004565,False
373,ENSG00000180096.12,0.0361768609574628,0.0101984330586663,False
374,ENSG00000232196.4,0.0089163016594604,0.0374825789323077,False
375,ENSG00000008710.20,0.0045589973455458,0.0419555366849653,False
376,ENSG00000143318.13,0.030318640759118,0.0162647389173567,False
377,ENSG00000172530.20,0.0061517452645602,0.0406180531151159,False
378,ENSG00000108395.14,0.015634457282442,0.0314355470555194,False
379,ENSG00000091879.14,0.046903767277734,0.0008749199098507,False
380,ENSG00000185669.6,0.0200848422507989,0.0279707593936446,False
381,ENSG00000162825.16,0.0438487450831634,0.0042154102029249,False
382,ENSG00000155495.9,3.142508146852628e-09,0.0482694476440513,False
383,ENSG00000079435.10,0.0149265281841546,0.0336270478303618,False
384,ENSG00000167895.15,0.0443039799564061,0.004327523439973,False
385,ENSG00000160305.18,0.0337016724234344,0.0149474382410915,False
386,ENSG00000140350.15,0.0149998649476305,0.0337750477263802,False
387,ENSG00000100823.12,0.0382254694338517,0.0106900704616872,False
388,ENSG00000171448.9,0.036897810524773,0.012020015301618,False
389,ENSG00000146143.19,0.0269041414541212,0.0222518906125853,False
390,ENSG00000181634.8,0.0240365073484653,0.0251402065257127,False
391,ENSG00000197992.7,0.0398986912889898,0.009629085142648,False
392,ENSG00000137080.4,0.0459178015149269,0.0039540257861266,False
393,ENSG00000182901.17,0.0098685365025923,0.040109573171122,False
394,ENSG00000198055.11,0.0233229023678989,0.0271135175442764,False
395,ENSG00000169251.13,0.0205430116726065,0.0302853783826242,False
396,ENSG00000138430.16,0.0234221980811825,0.0274443092764489,False
397,ENSG00000160226.16,0.0296198459865246,0.021566982678907,False
398,ENSG00000102539.5,0.0443124387271262,0.0069283915704901,False
399,ENSG00000131379.10,0.0307012386588372,0.0206694278324007,False
400,ENSG00000183770.7,0.0488929434056973,0.0027149078502736,False
401,ENSG00000173113.7,0.0068664225789101,0.0448024095542947,False
402,ENSG00000123584.7,0.0063224975887841,0.04539515332893,False
403,ENSG00000101132.10,0.0115467355232238,0.040195329301702,False
404,ENSG00000156831.8,0.0059008026872628,0.0462893266073006,False
405,ENSG00000221886.4,0.030496488459167,0.0223444810524947,False
406,ENSG00000107758.16,0.0181303799476791,0.0347207962313236,False
407,ENSG00000147010.18,0.0368270081657215,0.0165270889578153,False
408,ENSG00000163346.17,0.0140259913745535,0.0396280064942377,False
409,ENSG00000271092.5,0.0134037548060617,0.040543789024312,False
410,ENSG00000126353.3,0.0420475596300485,0.0119261466158239,False
411,ENSG00000137474.22,0.0346206397135716,0.0199763955158567,False
412,ENSG00000151247.12,0.0128547225752717,0.0421669343107027,False
413,ENSG00000169062.15,0.0395759417033195,0.0155008500142087,False
414,ENSG00000154102.11,0.0509466088061894,0.0041899829370446,False
415,ENSG00000198856.13,0.0414102076514661,0.0139031822352584,False
416,ENSG00000139726.11,0.0107666657927826,0.0445750058139445,False
417,ENSG00000162763.4,0.0452990437684553,0.0104184384552642,False
418,ENSG00000102024.18,0.0111368566734487,0.045017008389373,False
419,ENSG00000074706.13,0.0379567766777227,0.0183537281840998,False
420,ENSG00000180043.11,0.0011245218635758,0.0552500873627582,False
421,ENSG00000115705.22,0.0246819470511089,0.0317038683139244,False
422,ENSG00000079156.17,0.0523115925267539,0.0041264850852627,False
423,ENSG00000178199.14,0.0470271518970408,0.0100101383265241,False
424,ENSG00000168676.11,0.0412777265022564,0.0160485769198469,False
425,ENSG00000125870.11,0.0064092532707328,0.0509699074630381,False
426,ENSG00000151468.11,0.0270988020070606,0.0304063800536913,False
427,ENSG00000047056.16,0.0005436359693264,0.0569876179832038,False
428,ENSG00000203740.4,0.0497444897073335,0.0077884273662135,False
429,ENSG00000111344.11,0.0542276066050812,0.0033816632214229,False
430,ENSG00000137807.16,0.0004356878550891,0.0573074000672767,False
431,ENSG00000076053.12,0.0478936394325624,0.0099932011019389,False
432,ENSG00000134049.6,0.0524876223141766,0.0054010896073276,False
433,ENSG00000168398.7,0.0304425971407188,0.0274576010803888,False
434,ENSG00000158473.8,0.0395489908988012,0.0184028364604874,False
435,ENSG00000019485.13,0.0024822853161463,0.0556129501821145,False
436,ENSG00000111249.14,0.0201567454357294,0.0382647112376369,False
437,ENSG00000181163.14,0.0514713091065826,0.0069572570852383,False
438,ENSG00000183826.18,0.0559277791522175,0.0026260136180978,False
439,ENSG00000198734.12,0.0586683233539733,6.384750691116121e-05,False
440,ENSG00000101096.20,0.0218546588710312,0.0370352067889847,False
441,ENSG00000144815.16,0.0255860216248603,0.0333115760169731,False
442,ENSG00000001617.12,0.0325498312043321,0.0266587308817617,False
443,ENSG00000058091.17,0.0278354900326208,0.031392199040649,False
444,ENSG00000205683.11,0.0255063234484393,0.0337468850775578,False
445,ENSG00000133020.4,0.0379643833047347,0.0213094651727297,False
446,ENSG00000196341.3,0.0278553301605098,0.0315775998893622,False
447,ENSG00000111110.12,0.0515769493889792,0.0078578202745949,False
448,ENSG00000137500.9,0.038223441772709,0.0212915689314809,False
449,ENSG00000168763.16,0.0263651580359894,0.0331518764606292,False
450,ENSG00000116663.11,0.0016200598324372,0.0582301973684269,False
451,ENSG00000128513.16,0.0119794706275158,0.0478765726965222,False
452,ENSG00000121104.8,0.0436723559153103,0.0165069719339161,False
453,ENSG00000123388.4,0.011861958351906,0.0484430017977721,False
454,ENSG00000186767.7,0.0244668040473754,0.0359463352693266,False
455,ENSG00000150510.17,0.0228511232063365,0.0376203665243504,False
456,ENSG00000078596.11,0.0437869082047408,0.0167103497593534,False
457,ENSG00000129152.4,0.0603216203222291,0.0001966955785998,False
458,ENSG00000171552.14,0.0048913204317444,0.0556419780353916,False
459,ENSG00000128989.11,0.0267014210297882,0.0338486767262657,False
460,ENSG00000106003.13,0.0577560845741073,0.0028654221139191,False
461,ENSG00000177150.13,0.002494995116668,0.0582132453215059,False
462,ENSG00000119283.15,0.0003882110131268,0.0604913308834958,False
463,ENSG00000170515.14,0.041831730849318,0.0191210482595932,False
464,ENSG00000114850.7,0.0516595047987847,0.0093411085108902,False
465,ENSG00000129219.14,0.0275827515308627,0.0334312170611796,False
466,ENSG00000143633.13,0.0207164362773787,0.0403183068301085,False
467,ENSG00000140534.14,0.0333096110915763,0.0278918546595494,False
468,ENSG00000135749.19,0.0549397228221795,0.0065528080591679,False
469,ENSG00000165943.5,0.0089050112808864,0.0528299825455465,False
470,ENSG00000056050.7,0.059983239937759,0.0018992354771465,False
471,ENSG00000120708.17,0.005669569667588,0.0562858111498074,False
472,ENSG00000186591.13,0.01631519816645,0.0456630683123368,False
473,ENSG00000112232.10,0.0108017809631022,0.0517180754531414,False
474,ENSG00000064652.11,0.0409615413660433,0.0217426043841823,False
475,ENSG00000104408.11,0.0468254835645985,0.0158821976711894,False
476,ENSG00000198826.11,5.088657781307965e-05,0.0628264454904176,False
477,ENSG00000196867.8,0.0547052848355736,0.0086923632284911,False
478,ENSG00000114686.9,0.0008572511140656,0.0626856944207323,False
479,ENSG00000168546.11,0.0140030048230181,0.0495665298826091,False
480,ENSG00000152086.9,0.0199800564389427,0.0436461202004409,False
481,ENSG00000244754.9,0.0202504555480395,0.0435305186538201,False
482,ENSG00000204428.12,0.0555228891937606,0.0085668912931799,False
483,ENSG00000140612.14,0.0316532293277218,0.032516229248253,False
484,ENSG00000111711.10,0.0423647836828595,0.0218429361510348,False
485,ENSG00000196937.11,0.0139170755490912,0.0504902800753545,False
486,ENSG00000229972.8,0.0063224975868,0.0581162026657666,False
487,ENSG00000115163.15,0.0114302730532913,0.0530327362673497,False
488,ENSG00000180104.16,0.0106227097517325,0.0539278145521795,False
489,ENSG00000127249.15,0.0641828515959224,0.0006067140981901,False
490,ENSG00000178605.13,0.0525504043374147,0.0122621955272575,False
491,ENSG00000175334.8,0.0459620425528325,0.0190390685036573,False
492,ENSG00000163535.18,0.0436662349102341,0.0213600395659487,False
493,ENSG00000065413.20,0.049719454941901,0.015438000066315,False
494,ENSG00000059145.19,0.052291696597943,0.012990731891046,False
495,ENSG00000100307.13,0.0006836130929147,0.064737142767985,False
496,ENSG00000115085.14,0.0632655868341638,0.002222158295425,False
497,ENSG00000141428.17,0.0461441799663145,0.0194384039841444,False
498,ENSG00000064886.14,0.0197215857998127,0.0459176846126576,False
499,ENSG00000128040.11,0.0418570004212943,0.0238820113343102,False
500,ENSG00000101890.5,0.0301678213361326,0.0356190080502584,False
501,ENSG00000104154.7,0.0541013745994451,0.0116882840991084,False
502,ENSG00000167703.15,0.0596594734851627,0.006216180024179,False
503,ENSG00000129968.17,0.0619901549505912,0.0039215940863213,False
504,ENSG00000167528.13,0.0325127753197724,0.0335285086181533,False
505,ENSG00000107984.10,0.0205049047486815,0.0455369200431369,False
506,ENSG00000196950.14,0.0186454259681714,0.0474521586239189,False
507,ENSG00000174175.17,0.0660873643821758,0.0004890452843949,False
508,ENSG00000160285.15,0.0665423645347798,5.909920243133829e-05,False
509,ENSG00000109814.12,0.0663618639209721,0.0003020667733386,False
510,ENSG00000135127.11,0.0554830101947513,0.0112345582472363,False
511,ENSG00000002746.15,0.0037863534613457,0.0629864583814558,False
512,ENSG00000286102.1,0.0003465038689253,0.0665007753076077,False
513,ENSG00000285589.1,0.0047329088803464,0.0622090270489811,False
514,ENSG00000164620.9,0.056898070917102,0.0100958162274989,False
515,ENSG00000114480.13,0.0662623466067302,0.0007916207843707,False
516,ENSG00000134882.16,0.0026792893337038,0.064382060506249,False
517,ENSG00000168477.19,0.0097859004527447,0.0572921316546994,False
518,ENSG00000135898.10,0.0439635137337251,0.0231561348444434,False
519,ENSG00000124733.5,0.0024766798646851,0.0646854758687698,False
520,ENSG00000168062.10,1.240347923533355e-05,0.067160519606181,False
521,ENSG00000033178.13,0.0130111970345312,0.0542380199775572,False
522,ENSG00000187607.16,0.0104081893494409,0.0568613076202425,False
523,ENSG00000176248.9,0.0094381240085545,0.057907983063787,False
524,ENSG00000174898.16,0.0642296333008381,0.0032738740145516,False
525,ENSG00000187796.15,0.0675328133150391,5.6209863976365565e-05,False
526,ENSG00000116750.14,0.0387366833122585,0.0288972778894659,False
527,ENSG00000145375.9,0.0601651804930255,0.0076738101791756,False
528,ENSG00000132423.12,0.047093865576458,0.0207780152771869,False
529,ENSG00000135426.16,0.066804210838162,0.0012873025323479,False
530,ENSG00000237489.5,0.0523321812349777,0.0157600128086161,False
531,ENSG00000155085.15,0.0101438245646775,0.0579756674712194,False
532,ENSG00000144218.19,0.0612825829619141,0.006901688937898,False
533,ENSG00000138785.15,0.0212473373175447,0.0469786858220666,False
534,ENSG00000149573.9,0.0312962130497707,0.0369766909493045,False
535,ENSG00000243943.10,0.0228411877964501,0.0461787705626123,False
536,ENSG00000143858.12,0.0328934583002159,0.0362915597725652,False
537,ENSG00000119147.10,0.0347090207964702,0.0345753097338428,False
538,ENSG00000006062.17,0.0285724545425256,0.0408202870287055,False
539,ENSG00000187942.12,0.0062017808633964,0.0632337343500279,False
540,ENSG00000176383.9,0.0225633027316013,0.046965168008483,False
541,ENSG00000197362.15,0.031894756874489,0.038091877976181,False
542,ENSG00000110448.11,0.0484288158266779,0.0216301970714832,False
543,ENSG00000164823.11,0.0526069391086881,0.0174625926543368,False
544,ENSG00000146416.19,0.036293688495524,0.034327101043155,False
545,ENSG00000079335.20,0.0349500920510866,0.0360841332684309,False
546,ENSG00000103363.15,0.0478925418123443,0.0234316831351993,False
547,ENSG00000107020.10,0.02099338395051,0.0504784967180986,False
548,ENSG00000179709.8,0.0637982034889876,0.008160695663215,False
549,ENSG00000004897.12,0.0349108366787947,0.0370693619873698,False
550,ENSG00000022556.16,0.0267035024091498,0.0454309069873752,False
551,ENSG00000088808.18,0.0232202361592665,0.0490386211356722,False
552,ENSG00000128059.8,0.0347549850216969,0.0375972869962416,False
553,ENSG00000143772.9,0.0015614225962853,0.0708895959643063,False
554,ENSG00000136100.14,0.0344502752822716,0.0380109964945449,False
555,ENSG00000164096.13,0.0515999933177785,0.0210117726386784,False
556,ENSG00000112293.15,0.0171623377174512,0.0555363670358711,False
557,ENSG00000162817.7,0.0151138872225434,0.0575857492336764,False
558,ENSG00000228672.4,0.0107882685207712,0.0619916544277854,False
559,ENSG00000064393.16,0.0256357821259122,0.0471557365260682,False
560,ENSG00000167842.16,0.0312317034166706,0.0416574631980293,False
561,ENSG00000120526.12,0.0677409724091505,0.0053648513395898,False
562,ENSG00000169139.12,0.0059728223534817,0.067200945662764,False
563,ENSG00000144589.22,0.0329315998235892,0.0403980657264074,False
564,ENSG00000258890.7,0.0693280488804867,0.0040773343426689,False
565,ENSG00000167676.4,0.0037863941467694,0.0696207120972356,False
566,ENSG00000006788.14,0.0504352530056093,0.022971877426775,False
567,ENSG00000183741.12,0.0118594868395138,0.0615907850365499,False
568,ENSG00000155324.10,0.0121124998034004,0.0613869653519862,False
569,ENSG00000168496.4,0.0487154071424781,0.0248821026049335,False
570,ENSG00000130714.18,0.0161958069846979,0.0575451613434917,False
571,ENSG00000121933.19,0.0154301207296143,0.0583190661334939,False
572,ENSG00000169032.10,0.0143859817068988,0.0595929690062121,False
573,ENSG00000072818.12,0.067112353219312,0.0069512177760632,False
574,ENSG00000237412.7,0.0733125762574925,0.0009734327665612,False
575,ENSG00000054219.11,0.036095571070356,0.0382700680079425,False
576,ENSG00000139211.7,0.0001772148764141,0.0742622748072502,False
577,ENSG00000174417.3,0.0260804937371474,0.0484558966873498,False
578,ENSG00000214022.11,0.0664091638369197,0.0083987853538458,False
579,ENSG00000117425.14,0.0260695929050174,0.0490864848058783,False
580,ENSG00000107242.20,0.0737675014374046,0.0016706791646884,False
581,ENSG00000185291.12,0.0310436601586937,0.0446157475083423,False
582,ENSG00000147649.10,0.0586098212446252,0.0171829004538095,False
583,ENSG00000108671.11,0.0288260333093661,0.047248274000483,False
584,ENSG00000154839.10,0.0030599174504078,0.0730256707364896,False
585,ENSG00000164924.18,0.0117115852269787,0.0645903539878576,False
586,ENSG00000173208.4,0.0415483215654439,0.0348722890765016,False
587,ENSG00000175600.16,0.0036419347059605,0.0730359654301449,False
588,ENSG00000121621.7,0.0373623247909094,0.0395679065591765,False
589,ENSG00000198556.14,0.0268318493085067,0.0501408807337482,False
590,ENSG00000196230.13,0.0379596293516079,0.0392000296258472,False
591,ENSG00000146670.10,0.005450165752086,0.0719127087691204,False
592,ENSG00000159753.14,0.042352790679801,0.0351177874093232,False
593,ENSG00000133318.14,0.0735975903240281,0.0044607874137525,False
594,ENSG00000070808.16,0.0671614534178485,0.0109010240974987,False
595,ENSG00000198901.14,0.0630782873730144,0.0151201779418506,False
596,ENSG00000139926.16,0.0649352462702942,0.0134025322368815,False
597,ENSG00000164283.13,0.0411306908817896,0.0372335691220359,False
598,ENSG00000163026.12,0.0524849295069537,0.0261000606387274,False
599,ENSG00000113108.19,0.0317900889143186,0.0471502927174264,False
600,ENSG00000135686.13,6.819687138522841e-05,0.078941925474808,False
601,ENSG00000100321.15,0.0204275286236612,0.0587488605130196,False
602,ENSG00000067334.14,0.0013151683337855,0.078060473661664,False
603,ENSG00000129128.13,0.0216495356798229,0.0579285250449353,False
604,ENSG00000141497.14,0.0716453559163688,0.0080406466070767,False
605,ENSG00000155096.14,0.0758549836499945,0.0038740939719391,False
606,ENSG00000119771.15,5.535685871361399e-05,0.0796957639491803,False
607,ENSG00000141429.13,0.0490179376676692,0.0309717480076446,False
608,ENSG00000123562.18,0.0617225111541607,0.0182824183575122,False
609,ENSG00000267041.6,0.0727008650608303,0.0075247981478702,False
610,ENSG00000126016.16,0.0408502103506713,0.0393967259976213,False
611,ENSG00000050767.17,0.0322016351844603,0.0481749709612524,False
612,ENSG00000132514.14,0.0794373157256939,0.0010820736988237,False
613,ENSG00000156587.16,0.0002328340324558,0.0803316647170168,False
614,ENSG00000082153.18,0.0790435888419599,0.0016159595212686,False
615,ENSG00000232593.7,0.0504280454866324,0.0303427703424791,False
616,ENSG00000164303.11,0.0515654163025612,0.0292899009612282,False
617,ENSG00000120662.16,0.0739051676983807,0.0070633415118465,False
618,ENSG00000154330.13,0.0287793828299208,0.052192070548992,False
619,ENSG00000152672.8,0.01042039800156,0.0707287731665902,False
620,ENSG00000127084.19,0.0378449201764031,0.0434239148350701,False
621,ENSG00000213512.3,0.0018518849147704,0.0794431218200953,False
622,ENSG00000198522.14,0.0771238848898454,0.0041770396302461,False
623,ENSG00000128815.19,0.0758116604090831,0.0055203403826744,False
624,ENSG00000128654.14,0.0226304905929026,0.0587489399701434,False
625,ENSG00000101938.15,0.0074342552763686,0.0742863651601744,False
626,ENSG00000077157.22,0.0448161878863114,0.0372137442182631,False
627,ENSG00000131781.13,0.0679293112694992,0.0142612476190235,False
628,ENSG00000197123.9,2.297813477051404e-09,0.0824094171565467,False
629,ENSG00000152778.9,0.0439320433273165,0.0385656020790822,False
630,ENSG00000174442.12,0.0255965621073781,0.0570847123648735,False
631,ENSG00000198624.13,0.0517688998858854,0.0309445698169492,False
632,ENSG00000173281.5,0.0179437608603147,0.0647767494141978,False
633,ENSG00000146072.6,0.0113380786268736,0.0715538377475218,False
634,ENSG00000175166.17,0.0160704961080853,0.0668560761940204,False
635,ENSG00000162961.14,0.0077142085871244,0.075299753095812,False
636,ENSG00000124785.9,0.0575093057961008,0.0256685340897533,False
637,ENSG00000169271.3,0.0775249701444481,0.0057315839255657,False
638,ENSG00000205002.4,0.0593694421133356,0.0241689468148277,False
639,ENSG00000106591.4,0.0778719698229925,0.0057208627776848,False
640,ENSG00000172995.16,0.0804379672128856,0.0031661992198811,False
641,ENSG00000116030.17,0.0039308740270672,0.0799902779231494,False
642,ENSG00000182389.20,0.0299702493858239,0.0540152206734795,False
643,ENSG00000092051.17,0.0589950405738236,0.0249951476201357,False
644,ENSG00000181381.14,0.0003081483037256,0.0838099022104513,False
645,ENSG00000105929.16,0.0318271169666041,0.0523906526287082,False
646,ENSG00000187772.8,0.0284918731956661,0.0558004536174816,False
647,ENSG00000163814.8,0.0232783272972046,0.06101696341208,False
648,ENSG00000185798.8,0.0788767027333189,0.0054304436914203,False
649,ENSG00000136490.9,0.058201246102522,0.0261142361373456,False
650,ENSG00000108669.16,0.0054166066165864,0.0789314551223526,False
651,ENSG00000126217.21,0.0453242942363795,0.0390935424833315,False
652,ENSG00000170677.6,0.0083021263122257,0.0762041056286082,False
653,ENSG00000187742.15,0.0020055020785902,0.0826273381632782,False
654,ENSG00000161800.13,0.0029175395777618,0.0818359387972372,False
655,ENSG00000151746.15,0.0373302566639068,0.0474393967281687,False
656,ENSG00000110958.16,0.0776890996332713,0.0072819431032606,False
657,ENSG00000196814.15,0.0058951932743555,0.0791367795464546,False
658,ENSG00000144118.14,0.0031182933477027,0.0819801971847457,False
659,ENSG00000050438.17,0.0659548706260218,0.01918317456524,False
660,ENSG00000149091.15,0.0459656113972579,0.0391844447811267,False
661,ENSG00000095370.20,0.0623995031859423,0.0228677556746992,False
662,ENSG00000235194.9,0.041059696482584,0.0443162794790946,False
663,ENSG00000183813.7,0.0833108508278207,0.0023880356980959,False
664,ENSG00000139193.4,0.0696619022892119,0.0161977514737932,False
665,ENSG00000186832.9,0.0460402581897881,0.0401122096644112,False
666,ENSG00000053702.15,0.0089123828520289,0.0773983773987611,False
667,ENSG00000162706.13,0.0123864338463398,0.0743050587111649,False
668,ENSG00000138035.15,0.0363163716677593,0.050473264041771,False
669,ENSG00000120008.16,0.0664356295803025,0.0203554057525651,False
670,ENSG00000172724.12,0.0794477068988687,0.0075668704627888,False
671,ENSG00000188064.10,0.0531737247482155,0.0339423890620118,False
672,ENSG00000152580.8,0.0127276808949693,0.0747184177703638,False
673,ENSG00000142599.19,0.0234868531264142,0.0641818069035672,False
674,ENSG00000177465.4,0.0067893679505168,0.0812458228809394,False
675,ENSG00000056972.20,0.0808691128318062,0.0072088523655672,False
676,ENSG00000160097.20,0.0442951707176998,0.0438635967036811,False
677,ENSG00000124203.6,0.0377689885636288,0.0504172962628904,False
678,ENSG00000177272.9,0.0595432493694754,0.0287157996420797,False
679,ENSG00000266714.9,0.0333668642528448,0.0554230228305275,False
680,ENSG00000162241.12,0.0483266030302156,0.0404879333867569,False
681,ENSG00000167004.13,0.0204129748072128,0.0684163343590252,False
682,ENSG00000204084.13,0.0442851682466709,0.0446523837721328,False
683,ENSG00000058804.12,0.0128274479517976,0.0762513177565143,False
684,ENSG00000125245.13,0.0738800126230028,0.0152150499901709,False
685,ENSG00000256060.3,0.0488543874341645,0.0403138481866613,False
686,ENSG00000170381.14,0.0752065210176429,0.0141255272633183,False
687,ENSG00000187912.12,0.0644359310438931,0.0249192105184212,False
688,ENSG00000133069.17,0.0615910761065152,0.0278945112360471,False
689,ENSG00000169248.13,0.0023419114897691,0.0873862854632974,False
690,ENSG00000103199.14,0.0558748129498294,0.0338728847143279,False
691,ENSG00000135083.16,0.0627432058051642,0.0272720533600661,False
692,ENSG00000165716.11,0.0673848392476437,0.022787300024443,False
693,ENSG00000198373.13,0.0721804907307298,0.0182371730851408,False
694,ENSG00000180398.13,0.085417291527684,0.0050415935643281,False
695,ENSG00000147044.22,0.0328479072733013,0.0577044490261984,False
696,ENSG00000165164.14,0.0136517559536166,0.0770385804099889,False
697,ENSG00000152952.12,0.0476272628773093,0.04315802344661,False
698,ENSG00000009790.15,0.0621369935042919,0.0288480644515372,False
699,ENSG00000163606.11,0.0657068344557731,0.0253420589168667,False
700,ENSG00000004776.13,0.0263270689002089,0.064977450169003,False
701,ENSG00000119121.22,0.0579935454778417,0.0333283614204694,False
702,ENSG00000121413.13,0.0838942862162326,0.0075564558465772,False
703,ENSG00000144891.18,0.0344198636208881,0.057153972941476,False
704,ENSG00000119922.10,0.0064605087570761,0.0852286370234206,False
705,ENSG00000137806.10,0.059042384540094,0.0327315158482482,False
706,ENSG00000106355.10,0.0045629191225745,0.0872262396161291,False
707,ENSG00000182162.11,0.0871813142898039,0.0047563777425243,False
708,ENSG00000111245.17,0.0131386846652674,0.0789213224202095,False
709,ENSG00000164076.17,0.0679973486223067,0.0241120318821988,False
710,ENSG00000074755.15,0.0009065914613227,0.0913040872481451,False
711,ENSG00000086717.18,0.0612710805820379,0.0309706263717228,False
712,ENSG00000055118.16,0.0230019470771841,0.0693338800789993,False
713,ENSG00000116991.11,0.0033279295611558,0.0891522926190793,False
714,ENSG00000129566.13,0.0583654913234492,0.0343058081803875,False
715,ENSG00000283930.1,0.0789413982632776,0.0137423230835344,False
716,ENSG00000188778.6,0.0869567169719084,0.0058057889454694,False
717,ENSG00000175463.12,0.0838780975339607,0.0089720293478304,False
718,ENSG00000106031.9,0.0814213885756846,0.0114605738835977,False
719,ENSG00000250803.6,0.0873955407935924,0.0054985222051298,False
720,ENSG00000283992.2,0.001125390570709,0.091894306654032,False
721,ENSG00000160219.12,0.0515970852220441,0.0417912218043281,False
722,ENSG00000117632.23,0.0383103241444658,0.0551242291926837,False
723,ENSG00000178021.11,0.0723997074479322,0.0210700005793996,False
724,ENSG00000104412.8,0.055371944024535,0.0381876648730536,False
725,ENSG00000178562.18,0.0819102931596708,0.0117042811895399,False
726,ENSG00000142731.11,0.0115552805586445,0.0821805949059758,False
727,ENSG00000106069.23,0.0883564563565243,0.0056812069528514,False
728,ENSG00000142661.19,0.0157234193752517,0.0784582703124261,False
729,ENSG00000166105.16,0.0266490988820439,0.0676068718264531,False
730,ENSG00000182117.6,0.0029128548016455,0.0913863348871936,False
731,ENSG00000243646.10,0.0857669724847425,0.0088760895030874,False
732,ENSG00000171489.10,0.0342115286612392,0.0605514509782252,False
733,ENSG00000138315.13,0.0309289195596564,0.0638362271453416,False
734,ENSG00000126814.7,0.0944797791159026,0.0002907934911614,False
735,ENSG00000109805.10,0.0087493740368627,0.0860575351199949,False
736,ENSG00000264424.1,0.0796127606954484,0.015374732456283,False
737,ENSG00000188559.15,0.0858543280444369,0.0094988335045978,False
738,ENSG00000137571.11,0.048555596009439,0.0469705622138845,False
739,ENSG00000138594.14,0.0009717564743746,0.0946601238668913,False
740,ENSG00000196456.13,0.0693337923306944,0.0263088626875026,False
741,ENSG00000161040.16,0.0165289383926811,0.079331397302922,False
742,ENSG00000100528.12,0.0919782844642901,0.003913846006422,False
743,ENSG00000171451.14,0.082381021680268,0.0136825176292705,False
744,ENSG00000185787.15,0.0939773503989382,0.0021518094614289,False
745,ENSG00000092108.22,0.0154651275320569,0.0806849954482787,False
746,ENSG00000185674.9,0.0131933995271332,0.0831467654229024,False
747,ENSG00000134571.11,0.0772567534054131,0.0191448513992908,False
748,ENSG00000094804.12,0.0470528605528235,0.0495788209501358,False
749,ENSG00000122958.15,0.0086273724517731,0.0880846885649061,False
750,ENSG00000187634.12,0.0716777843341554,0.0252364463567516,False
751,ENSG00000179344.16,0.0591661742265138,0.0378178817547239,False
752,ENSG00000101098.13,0.0481227746902549,0.0493441394384233,False
753,ENSG00000158683.9,0.028415004431905,0.0691251978223039,False
754,ENSG00000183960.9,0.0176814044475586,0.0799426293205755,False
755,ENSG00000128266.9,0.0879156654982721,0.0099363902722249,False
756,ENSG00000100526.20,0.001358072981588,0.0966112359369092,False
757,ENSG00000130303.13,3.413276939897801e-05,0.0979397709433773,False
758,ENSG00000139219.19,0.055248221148028,0.0427669579660269,False
759,ENSG00000121671.12,0.0028912435626389,0.0952121859850886,False
760,ENSG00000127952.17,0.0028893799600428,0.0952314054211127,False
761,ENSG00000261857.7,0.0748751155594875,0.0232492880687363,False
762,ENSG00000108515.18,0.0402599415193596,0.0579502763718801,False
763,ENSG00000110777.12,0.0312176335514478,0.0671246017077794,False
764,ENSG00000032444.17,0.082277232034396,0.0161017983212843,False
765,ENSG00000136098.17,0.0934090028514026,0.0050130102790991,False
766,ENSG00000141052.18,0.0629648116394388,0.0357083412643994,False
767,ENSG00000185774.16,0.0679750862043731,0.0307779838127968,False
768,ENSG00000137251.16,0.0322481197603109,0.0666481324524841,False
769,ENSG00000129515.20,0.0476499224542187,0.051771219838908,False
770,ENSG00000157796.18,0.0712030024727409,0.0282359779326537,False
771,ENSG00000127366.5,0.0337260230573157,0.065783956322675,False
772,ENSG00000113575.10,0.0115001568755545,0.0881297829449673,False
773,ENSG00000168092.14,0.0142682679205331,0.0854581024679556,False
774,ENSG00000163162.9,0.0275982235130715,0.07258583896828,False
775,ENSG00000167037.19,0.0259775685314837,0.0743732092393352,False
776,ENSG00000133773.12,0.05329584167447,0.0471753725014968,False
777,ENSG00000205356.10,0.0110612470022057,0.0896024973625772,False
778,ENSG00000137959.16,0.0107597476404382,0.090072788397816,False
779,ENSG00000115827.14,0.091756872469047,0.0091728314520028,False
780,ENSG00000136156.15,0.0257574427270068,0.0753629070537733,False
781,ENSG00000102172.16,0.0402690767463015,0.0609603704326277,False
782,ENSG00000087250.9,0.0721419562655555,0.0290942928435236,False
783,ENSG00000164944.12,0.0931689567624561,0.0082310242664316,False
784,ENSG00000172943.20,0.0719770927440747,0.0294390864654202,False
785,ENSG00000220008.3,0.0841716558286355,0.0175166737350012,False
786,ENSG00000162144.10,0.0235658257722511,0.0783126007050611,False
787,ENSG00000188042.8,0.0255912526381488,0.0765970864732381,False
788,ENSG00000198205.6,0.0108112020192708,0.0914377843418647,False
789,ENSG00000126787.13,0.0010392734612983,0.1013630626888593,False
790,ENSG00000128463.13,0.0028184321218636,0.0999935933712921,False
791,ENSG00000197943.10,0.0996860251798926,0.0032392434819134,False
792,ENSG00000041357.16,0.0002115976239968,0.1030370820634913,False
793,ENSG00000189046.11,0.0041674006748507,0.099123223651557,False
794,ENSG00000180884.10,0.0891489475072561,0.0142226981136879,False
795,ENSG00000087903.13,0.0112747549457912,0.092448759757194,False
796,ENSG00000198010.13,0.0849533825410928,0.0190295094232716,False
797,ENSG00000091127.14,0.0973511603445902,0.0068163758937117,False
798,ENSG00000205208.5,0.1005458382659599,0.0037700378503833,False
799,ENSG00000274736.5,0.0883004485547388,0.0160234923762823,False
800,ENSG00000104442.10,0.0555949257939745,0.0489353595010208,False
801,ENSG00000169972.12,0.0859861241834536,0.0186696258554066,False
802,ENSG00000116752.6,0.0377552704814017,0.0669285012232113,False
803,ENSG00000187688.15,0.0110562254469453,0.0936580246512999,False
804,ENSG00000130511.16,0.0613299861354122,0.0433962577570623,False
805,ENSG00000134321.12,0.0009914224153903,0.1037620883885426,False
806,ENSG00000181523.13,0.0392613854132727,0.0658039754312814,False
807,ENSG00000172331.12,0.0404927187126091,0.0645985497898868,False
808,ENSG00000127947.16,0.0941697041039742,0.0109392035925969,False
809,ENSG00000170035.16,0.0974723775197578,0.0079779702598766,False
810,ENSG00000092820.18,0.0298358278936628,0.0758120515716418,False
811,ENSG00000100342.21,0.0054160868742918,0.1002836830540079,False
812,ENSG00000024526.17,0.0069282010993115,0.0988022142446202,False
813,ENSG00000059122.17,0.1031921349484191,0.0025602510781654,False
814,ENSG00000159885.14,0.0739152370336285,0.0318732991763733,False
815,ENSG00000182613.3,0.0505477163285716,0.0552455500472887,False
816,ENSG00000092010.15,0.0005053828472494,0.1054491827887045,False
817,ENSG00000145882.11,0.0213750559717132,0.0846461265400603,False
818,ENSG00000100767.17,0.099943459315016,0.0061672955380504,False
819,ENSG00000185811.19,0.0963719877805171,0.0099647278856486,False
820,ENSG00000166501.14,0.0697554896040457,0.036831210134918,False
821,ENSG00000160606.11,0.0877445327331018,0.0189052475818443,False
822,ENSG00000171405.12,0.1065495680136183,0.000241284295238,False
823,ENSG00000075651.16,0.0323779475534025,0.0745453142999448,False
824,ENSG00000213186.8,0.0310734900494034,0.0762306191794985,False
825,ENSG00000188811.14,0.0519730640177179,0.055531445389125,False
826,ENSG00000149100.13,0.0492831723751504,0.0583372335765065,False
827,ENSG00000150776.18,0.0849104343843849,0.0227769242991506,False
828,ENSG00000012174.12,0.104751431574199,0.0031193171826485,False
829,ENSG00000188060.7,0.0537940946799335,0.0542242237488807,False
830,ENSG00000005513.10,0.0913433331844763,0.0169946186343571,False
831,ENSG00000179772.8,0.0548341535707665,0.0536465356196298,False
832,ENSG00000164077.14,0.0685003557877379,0.0401337806085425,False
833,ENSG00000259060.7,0.0591966410339341,0.0494578992629794,False
834,ENSG00000104375.17,0.0027604744183512,0.1059383117173089,False
835,ENSG00000173285.4,0.0969225563381288,0.0118116202303428,False
836,ENSG00000140511.12,0.0895121250577833,0.0193983390906848,False
837,ENSG00000158805.12,0.0385534637107042,0.0707267605416058,False
838,ENSG00000176040.13,0.0416441403537158,0.0676374391208345,False
839,ENSG00000119866.22,0.0086283650189588,0.1007202109834098,False
840,ENSG00000178795.9,0.0060033128727434,0.1033627859735264,False
841,ENSG00000137965.11,0.003324751859862,0.1062494505836162,False
842,ENSG00000125246.15,0.0889840917769128,0.0207396628310642,False
843,ENSG00000179144.5,0.0561707672170037,0.0536895005798272,False
844,ENSG00000181924.7,0.0061249085539872,0.1040367889697096,False
845,ENSG00000127152.18,0.1061850698454705,0.0040366816240032,False
846,ENSG00000215041.10,0.0011126512775417,0.1095551632816635,False
847,ENSG00000085063.17,0.0607225953166205,0.0501096213890443,False
848,ENSG00000179058.7,0.0490303713232545,0.0618898784482584,False
849,ENSG00000133019.12,0.0825215512542926,0.0284327670410286,False
850,ENSG00000048740.18,0.0186713625350099,0.0923538187474262,False
851,ENSG00000168079.17,0.0075465299627103,0.1035045653962926,False
852,ENSG00000174500.13,0.0293253187542882,0.0817990088803095,False
853,ENSG00000117501.14,0.0003316764603905,0.110870420250579,False
854,ENSG00000109063.15,0.0095533869383759,0.1020172321180883,False
855,ENSG00000162923.17,0.0571631585512573,0.0544183468732094,False
856,ENSG00000198498.10,0.0059899475163065,0.105713242703226,False
857,ENSG00000068438.15,0.0020790678999757,0.1096834284197414,False
858,ENSG00000198026.8,0.0970538811741107,0.014812208566547,False
859,ENSG00000273899.5,0.0840900613694142,0.0280169875919935,False
860,ENSG00000179627.10,0.0653627944890561,0.0467932292129753,False
861,ENSG00000113263.13,0.0968951228655004,0.0153466223111375,False
862,ENSG00000146285.14,0.0764780658843355,0.0357790385147336,False
863,ENSG00000183307.4,0.0936761148829529,0.0186814202182208,False
864,ENSG00000081181.8,0.0924384863781422,0.0200152852145268,False
865,ENSG00000265354.4,0.063765855158279,0.0493243762971731,False
866,ENSG00000119917.14,0.0008729464494457,0.1123908859324333,False
867,ENSG00000178150.10,0.0987804142295328,0.0145306301467878,False
868,ENSG00000080986.13,0.1048826932619697,0.0084356727678035,False
869,ENSG00000175592.9,0.1025346764696883,0.0108999836993268,False
870,ENSG00000100239.16,0.0368517524127493,0.0766159410440016,False
871,ENSG00000123609.11,0.0067707598822448,0.1068630525539519,False
872,ENSG00000102755.12,0.1007940018970431,0.0128586458695436,False
873,ENSG00000281106.4,0.0545295635480843,0.059181482518923,False
874,ENSG00000111231.9,0.1022742576672653,0.0115558562957708,False
875,ENSG00000186204.15,0.0281353620135227,0.0857498975303207,False
876,ENSG00000108590.11,0.1003963468197688,0.0138207505460271,False
877,ENSG00000092853.14,0.0565076339199791,0.0577519359673446,False
878,ENSG00000076662.10,0.107079418089979,0.0071913352743505,False
879,ENSG00000188643.11,0.0254893969384091,0.0887935863252498,False
880,ENSG00000132603.15,0.0617172069009819,0.0526850023331586,False
881,ENSG00000156384.14,0.1129934053035085,0.0015810503071623,False
882,ENSG00000072858.11,0.0816633494366858,0.0329370298167272,False
883,ENSG00000196843.17,0.0260003815346854,0.0886158209308707,False
884,ENSG00000181143.15,0.0074771858343689,0.1071557412336163,False
885,ENSG00000165879.9,0.0226429234664586,0.0921422190896513,False
886,ENSG00000174720.16,0.0644744947501394,0.0503967351127639,False
887,ENSG00000258453.3,0.0003734011582154,0.1146596227614185,False
888,ENSG00000143797.12,0.1035612501576989,0.011494460966808,False
889,ENSG00000160188.10,0.1051481804253137,0.0099607157383239,False
890,ENSG00000141425.18,0.0829283739860924,0.0321924574111528,False
891,ENSG00000176177.10,0.0391629735366637,0.0762156793060461,False
892,ENSG00000166428.14,0.1087416013368734,0.0068169991503976,False
893,ENSG00000129460.16,0.1069803731157973,0.0086507726442399,False
894,ENSG00000124657.1,0.0196459076291558,0.095987737473033,False
895,ENSG00000073910.22,0.1144777132351752,0.0011821852081419,False
896,ENSG00000140263.15,0.0689663127821213,0.0469122929314787,False
897,ENSG00000117215.15,0.0938770220532258,0.0226925030492962,False
898,ENSG00000172005.11,0.0829194276856072,0.0337467337188445,False
899,ENSG00000144895.12,0.0777933843032845,0.0392068683134622,False
900,ENSG00000155093.19,0.0809984263503447,0.0360991316282079,False
901,ENSG00000126458.4,0.023551351526655,0.0935764562604528,False
902,ENSG00000173200.13,0.0697816660044359,0.0474251267546391,False
903,ENSG00000175582.20,0.1136649927144059,0.0035738750555626,False
904,ENSG00000283208.2,0.0608529582894553,0.0565180432656031,False
905,ENSG00000110514.19,0.0034123486912569,0.1139662539350418,False
906,ENSG00000165804.16,0.0969710736800393,0.0207421288501382,False
907,ENSG00000104320.14,0.0449445984660374,0.0729253427004206,False
908,ENSG00000179933.6,0.0264155372879369,0.0918228874478385,False
909,ENSG00000196119.8,0.0868165456088591,0.031557616679416,False
910,ENSG00000147251.15,0.0691866179827885,0.0494312809925771,False
911,ENSG00000022355.18,0.0629988003116905,0.0557387872909288,False
912,ENSG00000260729.1,0.0941341158585309,0.0247896480555132,False
913,ENSG00000128849.11,0.0311731259134322,0.0878645921633254,False
914,ENSG00000130876.11,0.0485000902508385,0.0705801998255948,False
915,ENSG00000213654.10,0.1052598223556425,0.013917697159669,False
916,ENSG00000137547.9,0.0960509353478011,0.0231300879066917,False
917,ENSG00000158481.13,0.1146519658388251,0.0045963563054981,False
918,ENSG00000106299.8,0.0484513713863041,0.0708960536960989,False
919,ENSG00000180596.7,0.0188674144951792,0.1005764613053189,False
920,ENSG00000145431.11,0.0399959805829203,0.0794751563726919,False
921,ENSG00000125910.6,0.1184430266851308,0.0014418954320033,False
922,ENSG00000085999.13,0.0539562698651441,0.0659863724058242,False
923,ENSG00000182183.15,0.1072259711305505,0.0127291931603865,False
924,ENSG00000263528.8,0.0994373314718713,0.0207443445708332,False
925,ENSG00000232838.4,0.0343096024888885,0.0859023542290929,False
926,ENSG00000029993.15,0.1057143891937211,0.0145218821545145,False
927,ENSG00000198642.7,0.1089206277386557,0.0113728449613038,False
928,ENSG00000186777.12,0.0825933797384267,0.0377360289641061,False
929,ENSG00000125337.19,0.0851194177827128,0.0354284101624028,False
930,ENSG00000213809.9,0.0774768352589393,0.0432772953490254,False
931,ENSG00000113643.9,0.0969505365392227,0.0240013753481209,False
932,ENSG00000108384.15,0.1048529375383811,0.0161151946018312,False
933,ENSG00000106049.9,0.107341627783542,0.0137943095991074,False
934,ENSG00000172172.8,0.0469829228346131,0.0742667989533439,False
935,ENSG00000147697.9,0.1187978563371114,0.0027311201545782,False
936,ENSG00000187166.1,0.0421806121781494,0.079492745050316,False
937,ENSG00000170667.15,0.081467798776227,0.0403037579517209,False
938,ENSG00000166535.20,0.0770594268097267,0.0447402359071529,False
939,ENSG00000213967.11,0.072058083867919,0.0498289243500774,False
940,ENSG00000168309.18,0.0357411781360733,0.0861778340298005,False
941,ENSG00000173578.8,0.0074985141454523,0.1147705968062066,False
942,ENSG00000152137.8,0.0193904492186901,0.1028851027999378,False
943,ENSG00000163239.12,0.0276652533601085,0.0947008517409845,False
944,ENSG00000145354.12,0.000739417630099,0.1218231932152632,False
945,ENSG00000134245.18,0.0232954986223005,0.0998533546630235,False
946,ENSG00000106459.15,0.0883905861614257,0.0350003392818878,False
947,ENSG00000069275.13,0.1106986288301098,0.0130009115321154,False
948,ENSG00000088320.4,0.1050732411920693,0.0186812251231151,False
949,ENSG00000099901.17,0.0270317927397189,0.0971666738850102,False
950,ENSG00000198678.5,0.0442571946529287,0.080034210956467,False
951,ENSG00000256525.8,0.0142752763536845,0.11008328038196,False
952,ENSG00000187189.11,0.0336401914964693,0.0911432483093169,False
953,ENSG00000153012.12,0.0280702664642737,0.0968566682996784,False
954,ENSG00000137265.15,0.1088098960368253,0.0161594050667035,False
955,ENSG00000106588.12,0.1187845552116813,0.0061951329871323,False
956,ENSG00000139998.16,0.0472927975585785,0.0776939781220303,False
957,ENSG00000088325.16,0.0023799859811273,0.1226444963960076,False
958,ENSG00000135974.10,0.0974553106750654,0.0277758510533127,False
959,ENSG00000164241.13,0.0612415784170441,0.0639916027801488,False
960,ENSG00000156531.17,0.12241762058443,0.0028586074127112,False
961,ENSG00000073711.11,0.0609993146209488,0.064401673321611,False
962,ENSG00000107521.19,0.125016881324977,0.0003877434511721,False
963,ENSG00000138069.18,0.0807530093503717,0.0447210173999797,False
964,ENSG00000284753.2,0.0181233186036111,0.1075793910859972,False
965,ENSG00000234409.7,0.0225901527054918,0.1031716288750874,False
966,ENSG00000187546.14,0.0281614902589158,0.0977094188965848,False
967,ENSG00000147687.19,0.122528276231038,0.0033619377908394,False
968,ENSG00000069424.15,0.1070138443232387,0.0189133677667203,False
969,ENSG00000115415.20,0.0036792374155075,0.1224154931752169,False
970,ENSG00000171241.9,0.0165296543457459,0.1095860460357396,False
971,ENSG00000173020.11,0.0965742896035944,0.0296114730537811,False
972,ENSG00000144550.13,0.1194253511809819,0.0069635846310135,False
973,ENSG00000153253.19,0.1022759408872408,0.0242497435625483,False
974,ENSG00000159708.18,0.1011052271822498,0.0254240472638834,False
975,ENSG00000163714.18,0.0793984574211856,0.0472016259865216,False
976,ENSG00000171522.6,0.0451800217418953,0.0818805894807702,False
977,ENSG00000174780.17,0.1269584419411391,0.0001494889446144,False
978,ENSG00000104131.13,0.051309642426007,0.075950934850719,False
979,ENSG00000183474.16,0.086452572321814,0.040844143445985,False
980,ENSG00000253548.1,1.6087159729285164e-07,0.1273128039296599,False
981,ENSG00000186432.10,0.0157426208319616,0.1116632507095276,False
982,ENSG00000148411.8,0.0003753112477929,0.1270321698063051,False
983,ENSG00000111913.20,0.0671764843081218,0.0603062782425474,False
984,ENSG00000127578.7,0.0092434539011727,0.1182740132937933,False
985,ENSG00000167196.14,0.0515339502272356,0.0759988380034787,False
986,ENSG00000145715.15,0.0881066761537741,0.0395813260447813,False
987,ENSG00000159873.10,0.1075289347135196,0.0202591399934165,False
988,ENSG00000102053.12,0.0253908832423714,0.1027447293202051,False
989,ENSG00000164530.15,0.0015552671802297,0.1266714245862672,False
990,ENSG00000173207.13,0.0727496620807009,0.0555799245048618,False
991,ENSG00000161010.15,0.0603405739530253,0.0680541564410028,False
992,ENSG00000105755.8,0.1092642626138748,0.0191955597929671,False
993,ENSG00000105639.20,0.0555592302849232,0.0730419952834838,False
994,ENSG00000083097.14,0.099995975401472,0.0287415216631063,False
995,ENSG00000112414.15,0.0143799538649321,0.1146202539748297,False
996,ENSG00000166794.5,0.0994325312901917,0.0296981005689314,False
997,ENSG00000105538.10,0.038151882304688,0.0911784114025344,False
998,ENSG00000136856.18,0.0300492757601636,0.0993111500337151,False
999,ENSG00000135318.12,0.0020304674506211,0.1273328992449081,False
1000,ENSG00000104921.15,0.1199286676555859,0.0095369361487214,False
1001,ENSG00000069188.17,0.0204794957078867,0.1090119094507498,False
1002,ENSG00000153446.16,0.0088380937133667,0.1207515868404923,False
1003,ENSG00000185201.16,0.0720417845757078,0.0575738752813336,False
1004,ENSG00000147465.12,0.0769846671148091,0.0528236224521686,False
1005,ENSG00000151067.22,0.02663951214061,0.1032136245640192,False
1006,ENSG00000114209.15,0.0025026305544617,0.1273580299507556,False
1007,ENSG00000100902.11,0.081055099537367,0.0489137894710675,False
1008,ENSG00000186298.12,0.1127193092456081,0.0173245893352495,False
1009,ENSG00000090674.16,0.0857568754126903,0.0443103793031579,False
1010,ENSG00000145022.4,0.0564725184810294,0.0736374511344504,False
1011,ENSG00000188938.17,0.0989780117520928,0.0314597755593404,False
1012,ENSG00000164109.14,0.0062422359808339,0.1243317220371234,False
1013,ENSG00000188263.10,0.0648617648290895,0.0657608318876156,False
1014,ENSG00000105122.13,0.1156603067731154,0.0149832032603705,False
1015,ENSG00000071054.16,0.1293860611154858,0.001312975756914,False
1016,ENSG00000086848.15,0.0820144298841795,0.0487766967410163,False
1017,ENSG00000241878.11,0.0034520239136149,0.1274323006235501,False
1018,ENSG00000105849.6,0.1267038726310718,0.0042361192167305,False
1019,ENSG00000134001.15,0.1222791025051231,0.0087662044680261,False
1020,ENSG00000109332.20,0.0258492471377162,0.1052883043189385,False
1021,ENSG00000176438.12,0.01906106057781,0.1123059962444307,False
1022,ENSG00000178105.11,0.1300535412942649,0.0013406462460122,False
1023,ENSG00000111452.13,0.0804097116289152,0.0511799377923537,False
1024,ENSG00000065328.17,0.0230694662721373,0.1087455251834485,False
1025,ENSG00000102879.16,0.1266257842165499,0.0054197104624884,False
1026,ENSG00000197471.12,0.1318657693857958,0.00028623886741,False
1027,ENSG00000113194.13,0.1315451167513648,0.0007492614375775,False
1028,ENSG00000188730.5,0.112639835623883,0.0196577254710541,False
1029,ENSG00000115468.12,0.0788433088487225,0.0534900794389609,False
1030,ENSG00000172640.3,0.0316528818053177,0.1007086909571743,False
1031,ENSG00000156298.13,0.0277271011390297,0.1046469154449692,False
1032,ENSG00000184613.11,0.1108400791025133,0.0217217451023918,False
1033,ENSG00000127922.9,0.0705900689789676,0.0621858907618511,False
1034,ENSG00000135900.4,0.1279210111166458,0.0049668917588898,False
1035,ENSG00000100632.11,0.0270946680047156,0.105816559693336,False
1036,ENSG00000166960.16,0.0770040529635076,0.0561351222927394,False
1037,ENSG00000103510.20,0.1278597895800131,0.0053496170297614,False
1038,ENSG00000198612.11,0.0923129267802441,0.0409347676976026,False
1039,ENSG00000140009.18,0.0198262218775992,0.1134564865032184,False
1040,ENSG00000163964.17,0.0104957212736878,0.1228821328953431,False
1041,ENSG00000104814.13,0.0985278718897593,0.0348933548100519,False
1042,ENSG00000205981.8,0.0012277090269655,0.1322060012450468,False
1043,ENSG00000269720.2,0.1058037037860502,0.027704699344062,False
1044,ENSG00000116353.16,0.0066199184057125,0.1272476172168075,False
1045,ENSG00000154359.13,0.0469773063784249,0.0869033074929207,False
1046,ENSG00000138385.16,0.1278350057029534,0.0061278122034183,False
1047,ENSG00000276409.5,0.0557799868644864,0.0783027880116466,False
1048,ENSG00000078687.17,0.0151020682017606,0.1193087477839404,False
1049,ENSG00000068079.8,0.0008458455923887,0.1336736410848812,False
1050,ENSG00000166183.16,0.1083141576014983,0.0262411188299599,False
1051,ENSG00000131652.14,0.0414272274159904,0.0932096685164442,False
1052,ENSG00000131778.19,0.0131651456238348,0.1219225392742575,False
1053,ENSG00000092200.12,0.089349214536582,0.0457616120687966,False
1054,ENSG00000141503.17,0.0086765191914292,0.1264616936721079,False
1055,ENSG00000198948.12,0.1082126221490389,0.027006175986294,False
1056,ENSG00000136522.14,0.011587197972877,0.1240262992614782,False
1057,ENSG00000158553.4,0.1252162098376429,0.0104179542846378,False
1058,ENSG00000060656.20,0.0258871981596721,0.1102669044334178,False
1059,ENSG00000065135.12,0.0180075840578657,0.1182803322963742,False
1060,ENSG00000214872.8,0.0898140538372508,0.0465957244891329,False
1061,ENSG00000284395.2,0.0410823729248612,0.0954633170149111,False
1062,ENSG00000077274.9,0.0296647141950816,0.1068975687994453,False
1063,ENSG00000177548.13,0.1260515550488558,0.0108126650556846,False
1064,ENSG00000164736.6,0.0515338701356891,0.0856559201951229,False
1065,ENSG00000101445.10,0.0775086929254357,0.0597423231460629,False
1066,ENSG00000284461.2,0.1184100094801104,0.0188463092558242,False
1067,ENSG00000132359.15,0.0135660415760674,0.1238081075782561,False
1068,ENSG00000173762.8,0.1235605605329408,0.0139472907927716,False
1069,ENSG00000175206.10,0.0751139930174142,0.0625241317001313,False
1070,ENSG00000101003.10,0.0126266651296311,0.1250218163533229,False
1071,ENSG00000153066.13,0.1000778490389013,0.0376526000427811,False
1072,ENSG00000170876.8,0.0720249535578151,0.0657361788242565,False
1073,ENSG00000100106.22,0.1300257537178523,0.0077354442774183,False
1074,ENSG00000171310.11,0.0077359691119173,0.1300784762738565,False
1075,ENSG00000138778.13,0.0004493343770105,0.1374705597725709,False
1076,ENSG00000111445.14,0.062560516886495,0.075831401540841,False
1077,ENSG00000171490.13,0.0975725832416705,0.040819604671404,False
1078,ENSG00000172824.16,0.1229708189160422,0.0154420164234617,False
1079,ENSG00000170476.16,0.1234127436917205,0.0150693610783829,False
1080,ENSG00000138449.11,0.0955199883350304,0.0430740343979162,False
1081,ENSG00000091164.13,0.1191699582915855,0.0195543930865373,False
1082,ENSG00000186265.10,0.1306609224917852,0.0082170485952024,False
1083,ENSG00000162878.13,0.1389431299825843,8.154324119722532e-07,False
1084,ENSG00000140995.17,0.1197320962164597,0.0192605101384289,False
1085,ENSG00000130940.15,0.0796438895247177,0.0593635026205027,False
1086,ENSG00000127561.15,0.0299885569916467,0.1091114306515481,False
1087,ENSG00000120539.15,0.0073405430218548,0.1317872487406166,False
1088,ENSG00000111358.14,0.0888529807333425,0.0506239333078438,False
1089,ENSG00000158748.4,0.1315007624880645,0.008004016443743,False
1090,ENSG00000164175.15,0.0654688246324866,0.0741511787831323,False
1091,ENSG00000176715.17,0.109464029245319,0.0303738974839934,False
1092,ENSG00000213281.5,0.0314235723785154,0.1084419320162602,False
1093,ENSG00000131686.15,0.1268042250812133,0.0131777516587684,False
1094,ENSG00000197713.15,0.0170219078731153,0.1230618448114865,False
1095,ENSG00000100351.17,0.1185918239340798,0.0216134593254411,False
1096,ENSG00000102678.7,0.045625941662405,0.0945917844611795,False
1097,ENSG00000151458.12,0.0635456436753522,0.0767137018831761,False
1098,ENSG00000123329.20,0.1066857863352509,0.0336912531417252,False
1099,ENSG00000213903.9,0.0083724502323566,0.1320294913161551,False
1100,ENSG00000157734.14,0.1305120511749431,0.0102173885208832,False
1101,ENSG00000156265.16,0.0898071904859326,0.0509384164772816,False
1102,ENSG00000165392.11,0.1351705184934623,0.0055751946118308,False
1103,ENSG00000100714.17,0.1397668662552867,0.001071633919063,False
1104,ENSG00000160613.14,0.0587043636499665,0.0821836503342114,False
1105,ENSG00000143149.12,0.0738395143287999,0.0674864942855214,False
1106,ENSG00000095787.23,0.0154514148595992,0.1258904832963093,False
1107,ENSG00000150459.12,0.0180644175313174,0.1233416378022989,False
1108,ENSG00000182866.17,0.1256568184138057,0.0158370090426857,False
1109,ENSG00000102245.8,0.1114444982544659,0.0300594620626468,False
1110,ENSG00000213213.14,0.1391956147696293,0.0025534357061434,False
1111,ENSG00000166426.8,0.0612794131239336,0.0805739752772339,False
1112,ENSG00000076043.11,0.076137574102348,0.0657854618448434,False
1113,ENSG00000178602.8,0.0500588323594146,0.0919489419953158,False
1114,ENSG00000184545.11,0.1193820959997982,0.0228587973072057,False
1115,ENSG00000196337.12,0.0032592538796674,0.1389833328070819,False
1116,ENSG00000127220.6,0.0507477345922931,0.0918070033688189,False
1117,ENSG00000204767.4,0.046294397497825,0.0962930098149409,False
1118,ENSG00000198231.13,0.0736092599083465,0.06899170354473,False
1119,ENSG00000116141.17,0.0045970930741069,0.1380328304271284,False
1120,ENSG00000108592.17,0.0893228457559522,0.053311878378344,False
1121,ENSG00000151304.6,0.1355719007316424,0.0071345965715268,False
1122,ENSG00000186994.11,0.0873868216230893,0.055563201606495,False
1123,ENSG00000164934.14,0.0845370334055104,0.0585119828217087,False
1124,ENSG00000137819.14,5.90290766646129e-05,0.1429928254650311,False
1125,ENSG00000164323.14,0.122830540675643,0.0202252646423896,False
1126,ENSG00000070047.13,0.0743488407170162,0.0687203440444734,False
1127,ENSG00000080546.13,0.0615352717202399,0.0816631845990643,False
1128,ENSG00000136848.17,0.0744380107254902,0.068873243690675,False
1129,ENSG00000164176.13,0.0053132526891266,0.1380416557615066,False
1130,ENSG00000107263.18,0.0040732049298566,0.1393105403646559,False
1131,ENSG00000129514.8,0.1347050556230843,0.0086983014904058,False
1132,ENSG00000164022.17,0.1203395861780724,0.0237832190842986,False
1133,ENSG00000148343.18,0.001568161224245,0.142580412217992,False
1134,ENSG00000069018.19,0.1344300870562997,0.0097382260483316,False
1135,ENSG00000061492.12,0.0528340310021578,0.091710493666696,False
1136,ENSG00000121931.16,0.0737370513175036,0.0708545594768233,False
1137,ENSG00000167525.14,0.095354501500252,0.0493126211364477,False
1138,ENSG00000005206.17,0.1241089686152437,0.0205694932911622,False
1139,ENSG00000161328.11,0.1357538179563644,0.0091278201029965,False
1140,ENSG00000172938.3,0.1008767378406894,0.0441087340097489,False
1141,ENSG00000019169.10,0.0956110802062064,0.0493917349699967,False
1142,ENSG00000130517.14,0.0012102152472742,0.143831230940204,False
1143,ENSG00000178789.9,0.0367210838325092,0.1083509912507612,False
1144,ENSG00000068383.19,0.0956287614510006,0.0494564129163356,False
1145,ENSG00000147378.11,0.0508162416490589,0.094503391141405,False
1146,ENSG00000255221.3,0.1191647138343419,0.0265843749112761,False
1147,ENSG00000186517.14,0.1434456092954224,0.0025024600443352,False
1148,ENSG00000179918.19,0.1286616121314866,0.0174042669287376,False
1149,ENSG00000122733.12,0.0565791954280206,0.089701782396856,False
1150,ENSG00000138750.15,0.0924383277258576,0.0538927671868297,False
1151,ENSG00000135519.8,0.1139558637208088,0.0324154817594938,False
1152,ENSG00000176597.12,0.129893143851731,0.0165290694115711,False
1153,ENSG00000163319.11,0.0842044264060881,0.062296466846599,False
1154,ENSG00000164690.8,0.1367031442619147,0.0098067034872487,False
1155,ENSG00000140525.19,0.0670759245993666,0.0794906339815244,False
1156,ENSG00000110324.11,0.1018020138950016,0.0447863205958082,False
1157,ENSG00000173653.8,0.1259917363278666,0.0206813831562719,False
1158,ENSG00000159958.7,0.0867509755506757,0.0601986311865305,False
1159,ENSG00000078589.13,0.1211244307159351,0.0259549946828721,False
1160,ENSG00000108823.16,0.1152859606922147,0.0318687276927383,False
1161,ENSG00000103415.12,0.1253896009291773,0.0217853376250805,False
1162,ENSG00000183258.12,0.0670188321226652,0.0801709124575492,False
1163,ENSG00000171643.14,0.1383528290864045,0.0089527701447084,False
1164,ENSG00000206077.13,0.107060412089206,0.0403467215184816,False
1165,ENSG00000138646.9,0.0150045459694213,0.1324230643906137,False
1166,ENSG00000126882.13,0.1051804385323629,0.0422672559258289,False
1167,ENSG00000249992.2,0.1311854156913142,0.0162812426551826,False
1168,ENSG00000083782.8,0.1278978487705683,0.0196535250788415,False
1169,ENSG00000114739.14,0.1193731877446301,0.0282111935687051,False
1170,ENSG00000168124.2,0.0509842588032696,0.0966104679871337,False
1171,ENSG00000139832.5,0.1228410014711734,0.0247936904601603,False
1172,ENSG00000164548.11,0.0607679701101627,0.0868677865146083,False
1173,ENSG00000140090.18,0.1472224562991645,0.0005097180960711,False
1174,ENSG00000064651.14,0.1343549370575884,0.0134498474085259,False
1175,ENSG00000165527.7,0.0031105056705707,0.1449183847766727,False
1176,ENSG00000157483.9,0.0159217999150382,0.1322678328195016,False
1177,ENSG00000101333.17,0.0997097300438688,0.0485023659318347,False
1178,ENSG00000139187.10,0.1249081000870014,0.0234215761116361,False
1179,ENSG00000109519.13,0.1134362447160103,0.0350907480472022,False
1180,ENSG00000151892.15,0.0113818611790057,0.1372113269531821,False
1181,ENSG00000213889.10,0.0721370769332274,0.0767174594486023,False
1182,ENSG00000132854.19,0.1469915826710118,0.0018798219973367,False
1183,ENSG00000257524.6,0.0210517506795209,0.1279311205004042,False
1184,ENSG00000198363.18,0.037193602265247,0.1118555728242671,False
1185,ENSG00000175857.8,0.1407028974552087,0.0084864055033366,False
1186,ENSG00000169291.10,0.1181170288086156,0.0310804971478103,False
1187,ENSG00000185745.10,0.0097294749095159,0.1394789315282931,False
1188,ENSG00000117090.15,0.1465015985524815,0.0027391595540848,False
1189,ENSG00000151650.8,0.0257432414761245,0.1235065270052697,False
1190,ENSG00000128595.17,0.1378503730057403,0.0115423785560084,False
1191,ENSG00000184530.9,0.0228720664047057,0.1265767234951726,False
1192,ENSG00000197766.8,0.1393810658645568,0.0101204825972691,False
1193,ENSG00000075073.15,0.1118815659268727,0.0377411037731545,False
1194,ENSG00000169994.18,0.1481071958883139,0.0015635666896974,False
1195,ENSG00000155465.20,0.1379605289061058,0.011817708314563,False
1196,ENSG00000183578.8,0.0716051999472149,0.0781837423238715,False
1197,ENSG00000167483.19,0.1377095188160274,0.0121972446263187,False
1198,ENSG00000101265.16,0.0729486717950687,0.0772285236066122,False
1199,ENSG00000205744.10,0.1210053782952825,0.0291831382181221,False
1200,ENSG00000113384.14,0.123634899540354,0.0266874296485404,False
1201,ENSG00000112367.12,0.0163084498047339,0.1340972827612837,False
1202,ENSG00000189129.14,0.0442831504566142,0.1065403767035983,False
1203,ENSG00000181009.5,0.0527080721715598,0.0981913128090583,False
1204,ENSG00000143013.13,0.0107461761925532,0.1401599031983812,False
1205,ENSG00000149196.16,0.0334079437351406,0.1175228360256157,False
1206,ENSG00000159917.17,0.0241727730114706,0.1269227861578597,False
1207,ENSG00000163918.11,0.1278470821297804,0.0232837723401876,False
1208,ENSG00000158246.8,0.1505567685548113,0.0006582804069824,False
1209,ENSG00000183397.5,0.0217109552612489,0.1295793353076967,False
1210,ENSG00000178381.12,0.1208377542907216,0.0305854623349693,False
1211,ENSG00000183530.14,0.0185013298947652,0.1331263118890694,False
1212,ENSG00000156535.15,0.0255238906756069,0.1261208859857549,False
1213,ENSG00000137834.15,0.0060577699297268,0.1457013768324138,False
1214,ENSG00000196405.13,0.1110713014570564,0.0407885595894046,False
1215,ENSG00000108840.15,0.0604226489529916,0.0915631390797176,False
1216,ENSG00000181544.15,0.0284339777174675,0.1235547867886191,False
1217,ENSG00000128487.17,0.1240675338439183,0.0279454866659462,False
1218,ENSG00000137693.14,0.111722331667054,0.0403575172009301,False
1219,ENSG00000167711.14,0.1441145344142333,0.0079975217783513,False
1220,ENSG00000133937.5,0.1214644366358707,0.0308619908317225,False
1221,ENSG00000168421.13,0.0974477610761009,0.0549784741803707,False
1222,ENSG00000123119.12,0.1430304747696666,0.00955538910911,False
1223,ENSG00000100412.17,0.1287381171302868,0.0240007529628016,False
1224,ENSG00000166143.10,0.0073810907785695,0.1454518310240229,False
1225,ENSG00000144566.11,0.0760507504548851,0.0769099491957695,False
1226,ENSG00000138964.17,0.1470269003740502,0.0062058106905317,False
1227,ENSG00000108528.14,0.0622489285354222,0.0910216097886615,False
1228,ENSG00000066855.16,0.1032959103856721,0.0500726897049868,False
1229,ENSG00000006555.11,0.1503534665500115,0.0030621670185788,False
1230,ENSG00000150316.12,0.0086587466392466,0.1447636777248946,False
1231,ENSG00000104848.1,0.0016269500921696,0.1519381156050051,False
1232,ENSG00000258539.1,0.0812357662476907,0.0726056631829459,False
1233,ENSG00000160445.11,0.0079522028646237,0.1461389023354644,False
1234,ENSG00000257335.8,0.0701992036489876,0.0839222013102321,False
1235,ENSG00000183484.12,0.1502604394801004,0.0038712129719296,False
1236,ENSG00000221986.7,0.09488428133539,0.0592829965995552,False
1237,ENSG00000082293.13,0.0973183655571531,0.0569932976122143,False
1238,ENSG00000021645.20,0.0949475595625526,0.0594454950397748,False
1239,ENSG00000163064.7,0.065025873164622,0.0894269836947206,False
1240,ENSG00000268043.7,0.0001741746837396,0.1542794148195785,False
1241,ENSG00000139304.16,0.0864992284150898,0.0679592621191962,False
1242,ENSG00000112208.11,0.1310850234709223,0.0233998703418598,False
1243,ENSG00000196177.13,0.110217646024669,0.0444432325235964,False
1244,ENSG00000186393.5,0.0005470651713065,0.1541329364776845,False
1245,ENSG00000162222.14,0.0205306889397404,0.1341641508568842,False
1246,ENSG00000012124.17,0.1316748909418607,0.0231622488343188,False
1247,ENSG00000160310.18,0.1413808756544964,0.0136378917783808,False
1248,ENSG00000011590.14,0.1280322891405818,0.0272468328657612,False
1249,ENSG00000204427.12,0.0887012066854315,0.0666260695282222,False
1250,ENSG00000270394.4,0.0966812441074874,0.0587791992758862,False
1251,ENSG00000044446.12,0.0454754490098612,0.1100092147119773,False
1252,ENSG00000229474.7,0.087438799755146,0.0680851034793736,False
1253,ENSG00000174469.23,0.0021678856751427,0.1535949640636118,False
1254,ENSG00000167635.12,0.0774117799753632,0.0783542714060746,False
1255,ENSG00000153721.19,0.02734788016621,0.1284298274019279,False
1256,ENSG00000141219.15,0.134058440623726,0.0218341047261164,False
1257,ENSG00000173253.15,0.1548176345888048,0.0013672839180529,False
1258,ENSG00000172765.17,0.0719854104557382,0.0845215873487564,False
1259,ENSG00000278828.1,0.0028373802969495,0.1537930609932594,False
1260,ENSG00000129467.14,0.0836349434730934,0.0732287349142994,False
1261,ENSG00000166819.12,0.015234191037111,0.1416399584011943,False
1262,ENSG00000142751.15,0.1492582207377437,0.0077413035839936,False
1263,ENSG00000126267.11,0.104683565674877,0.052363242486333,False
1264,ENSG00000198554.12,0.1531320995012291,0.0039251041270532,False
1265,ENSG00000127824.14,0.0068538468914788,0.1503569059969463,False
1266,ENSG00000163864.17,0.0199054960901314,0.1375081229368513,False
1267,ENSG00000163126.15,0.0988159821842998,0.0588579789431556,False
1268,ENSG00000088782.5,8.757612857571602e-05,0.1576712067247534,False
1269,ENSG00000197763.19,0.0384803951698425,0.1192895982311493,False
1270,ENSG00000145721.12,0.0429382126771208,0.1150229589737422,False
1271,ENSG00000144354.14,0.1041940172207101,0.0537683976476665,False
1272,ENSG00000204311.15,0.0304218110465369,0.1275824820066,False
1273,ENSG00000162869.16,0.0498365670062641,0.1083449162732437,False
1274,ENSG00000121577.14,0.0089310768721974,0.1493645177498586,False
1275,ENSG00000182670.13,0.0548380080350384,0.1034830007990195,False
1276,ENSG00000018869.17,0.075071112427211,0.0832649413796994,False
1277,ENSG00000111796.4,0.097961570135776,0.060453334244217,False
1278,ENSG00000010810.17,0.0106037992587656,0.1478640532862498,False
1279,ENSG00000185650.10,0.0324738062579434,0.1261770041443313,False
1280,ENSG00000204347.4,0.1390387008288746,0.0196311276787405,False
1281,ENSG00000148926.10,0.1031349427440522,0.0555716419934909,False
1282,ENSG00000103365.15,0.0947790274794367,0.0639455279324153,False
1283,ENSG00000110934.13,0.1444610328950678,0.0145483423806888,False
1284,ENSG00000137522.18,0.1248046218461717,0.0342226300546534,False
1285,ENSG00000106105.15,0.1536190035094475,0.0054293975815252,False
1286,ENSG00000125746.18,0.1132187238268335,0.0458701400996813,False
1287,ENSG00000172403.11,0.059207006692565,0.0999333942869683,False
1288,ENSG00000198754.5,0.1160944780130645,0.0431306061511875,False
1289,ENSG00000156304.15,0.0073067726233781,0.1519331429056581,False
1290,ENSG00000165359.16,0.0056946632252551,0.1535836246862352,False
1291,ENSG00000111181.12,0.0029870270261775,0.1563638132409361,False
1292,ENSG00000204859.13,0.1579750726395824,0.0014504265438307,False
1293,ENSG00000162385.11,0.0160813541685815,0.1436178332668054,False
1294,ENSG00000103460.17,0.1239528425283248,0.0358091805870549,False
1295,ENSG00000147400.10,0.0158532205553461,0.1439492380643184,False
1296,ENSG00000114812.13,0.02366158624822,0.1361603619670132,False
1297,ENSG00000110060.9,0.1372571741036359,0.0225742980047737,False
1298,ENSG00000004059.11,0.1049891110928263,0.0548429479088589,False
1299,ENSG00000135597.19,0.1032872480183724,0.0565503373119988,False
1300,ENSG00000139350.12,0.1018771653158004,0.0580178273343272,False
1301,ENSG00000116212.15,0.0688227153957165,0.0911235334826672,False
1302,ENSG00000184602.6,0.0585144539776709,0.1015183982411165,False
1303,ENSG00000012822.16,0.1115582426002942,0.0485510165730629,False
1304,ENSG00000111328.7,0.0867935961704562,0.0736677852262333,False
1305,ENSG00000183172.9,0.1474702080052094,0.013097858871501,False
1306,ENSG00000139734.19,0.0161012719960695,0.1445363053139792,False
1307,ENSG00000163285.8,0.0244613230130823,0.1363398083728378,False
1308,ENSG00000159239.13,0.1542498033042519,0.0066173193898385,False
1309,ENSG00000105369.10,0.1537430116339382,0.0072212107111768,False
1310,ENSG00000235961.6,0.1212491510207366,0.0398674731895052,False
1311,ENSG00000234224.3,0.1039578083563155,0.0574149243503079,False
1312,ENSG00000027075.15,0.0595921228278188,0.1017860682887676,False
1313,ENSG00000198821.11,0.1537115858852663,0.0077387062376909,False
1314,ENSG00000136261.15,0.1217443115445719,0.0398535517969347,False
1315,ENSG00000158042.9,0.1086670888297805,0.052931808005027,False
1316,ENSG00000180998.12,0.160175127432925,0.0015300281728007,False
1317,ENSG00000224578.5,0.1554620316860274,0.0072724089801588,False
1318,ENSG00000150967.18,0.0234848384640383,0.1395644653629837,False
1319,ENSG00000144802.11,0.0403774535485829,0.1227551524067453,False
1320,ENSG00000166359.11,0.0034211183834506,0.1597565625350915,False
1321,ENSG00000127074.15,0.1098362781713383,0.0533683156932827,False
1322,ENSG00000111145.8,0.1556506801219674,0.0077549548389879,False
1323,ENSG00000182704.8,0.047109149062513,0.1163213861851778,False
1324,ENSG00000099326.9,0.1405851744461042,0.0228703976018138,False
1325,ENSG00000198178.11,0.1583500643250577,0.0051168211900465,False
1326,ENSG00000241973.11,0.0099000732193066,0.1536871374061827,False
1327,ENSG00000121022.14,0.0744754928723123,0.0891181436589718,False
1328,ENSG00000197296.6,0.0652327614030927,0.098441579268991,False
1329,ENSG00000130522.6,0.1556496439892946,0.0080878664167654,False
1330,ENSG00000185344.15,0.1551747900110708,0.0085826217458041,False
1331,ENSG00000132376.20,0.0125261774819259,0.1514890809538452,False
1332,ENSG00000167716.19,0.0689338648786868,0.095112528352949,False
1333,ENSG00000123485.12,0.0164497089729367,0.1476501561451654,False
1334,ENSG00000163637.13,0.0388972779191638,0.1259205498370045,False
1335,ENSG00000170790.5,0.1025106596953188,0.0623172383626044,False
1336,ENSG00000077454.16,0.0710788559671145,0.0939102603531087,False
1337,ENSG00000117616.18,0.1641611832444204,0.0008867343289387,False
1338,ENSG00000165138.18,0.0562781526569345,0.1088273777984153,False
1339,ENSG00000185627.18,0.0401783282334193,0.1249859217232667,False
1340,ENSG00000184661.14,0.1098789283512916,0.0553049281912747,False
1341,ENSG00000137266.15,0.0790148650489035,0.0861699218881314,False
1342,ENSG00000109184.15,0.1490050037804944,0.016186038650055,False
1343,ENSG00000046774.10,1.512694785207784e-05,0.1652746227894694,False
1344,ENSG00000125753.14,0.051374968795527,0.1139746787197312,False
1345,ENSG00000130021.15,0.0625450904202966,0.1028296199588746,False
1346,ENSG00000183908.7,0.0734012377285115,0.0919999108178235,False
1347,ENSG00000151702.17,0.1046690587519464,0.0607436160709286,False
1348,ENSG00000130254.12,0.0378939457604921,0.1275614972896081,False
1349,ENSG00000254995.4,0.0683377117779441,0.0971345689347767,False
1350,ENSG00000065320.9,0.0828813079958991,0.0830200886148421,False
1351,ENSG00000155256.17,0.0912477555395757,0.0746718003715321,False
1352,ENSG00000142224.17,0.0308676715834686,0.1352639336154283,False
1353,ENSG00000170464.10,0.0421484749082439,0.1241075513482514,False
1354,ENSG00000141543.12,0.1440341888501647,0.022432950733088,False
1355,ENSG00000173482.17,0.1240345341939103,0.0424773603717409,False
1356,ENSG00000149930.18,0.025378152170848,0.1411374921182831,False
1357,ENSG00000133858.17,0.0173902232615768,0.1491661726121269,False
1358,ENSG00000188211.9,0.0662523502326418,0.1004665874123757,False
1359,ENSG00000176890.16,0.1452174116349038,0.021538842539226,False
1360,ENSG00000104765.16,0.1504128255766721,0.0165383318324117,False
1361,ENSG00000140398.14,0.1446855635280894,0.0222821233002478,False
1362,ENSG00000160014.17,0.0363851871156525,0.1306928397633729,False
1363,ENSG00000109674.4,0.0060191061055576,0.1611913167796598,False
1364,ENSG00000176928.7,0.0315259454955028,0.1358689665095206,False
1365,ENSG00000085274.16,0.0297645756957713,0.1376705098936475,False
1366,ENSG00000172425.12,0.0649657149239486,0.1024926933397527,False
1367,ENSG00000108819.11,0.1560418058574801,0.0115823645723896,False
1368,ENSG00000205250.9,0.1484472893250926,0.0192906547561436,False
1369,ENSG00000173852.15,0.0488992293948774,0.1189965996139205,False
1370,ENSG00000072786.13,0.0491958684817591,0.119022425923321,False
1371,ENSG00000187957.8,0.1640133174799948,0.0042710772658343,False
1372,ENSG00000135387.21,0.0419549177242308,0.1264615761753745,False
1373,ENSG00000106772.18,0.0358342820186997,0.1326463553443713,False
1374,ENSG00000178826.11,0.009122502765102,0.1595596086160234,False
1375,ENSG00000105662.16,0.0105912513113892,0.1582441716426223,False
1376,ENSG00000196730.13,0.1156769209584192,0.0531837221417109,False
1377,ENSG00000162928.9,0.0272408193916636,0.1417490157265568,False
1378,ENSG00000112659.14,0.0818800896767436,0.0872240687216335,False
1379,ENSG00000203805.11,0.1522486317891241,0.0168825324855536,False
1380,ENSG00000158315.11,0.1682651062377776,0.0008707363119996,False
1381,ENSG00000113460.13,0.168966562004858,0.0002179101092088,False
1382,ENSG00000185437.13,0.1564932487877709,0.0127191078597111,False
1383,ENSG00000089063.15,0.0595860879282705,0.1096985173798161,False
1384,ENSG00000134765.10,0.1652667914436983,0.0040809919733148,False
1385,ENSG00000196793.14,0.0828731851785081,0.08654015752075,False
1386,ENSG00000147138.3,0.1441436050086828,0.0252859930324755,False
1387,ENSG00000197599.12,0.0436186915508305,0.1258639133995746,False
1388,ENSG00000173085.15,0.0015776443874453,0.1679339309638619,False
1389,ENSG00000156875.14,0.1565113183513543,0.0131155812635097,False
1390,ENSG00000138641.18,0.0501698329105383,0.1194961943301664,False
1391,ENSG00000129167.9,0.0340351300828808,0.1358642976558817,False
1392,ENSG00000178971.16,0.0018118826825586,0.1681830734764103,False
1393,ENSG00000166226.13,0.1690329476230267,0.0012151400310271,False
1394,ENSG00000130449.6,0.0680102981216891,0.102277137273092,False
1395,ENSG00000018625.15,0.0185638750430897,0.1517728369616489,False
1396,ENSG00000134072.11,0.1199702097540909,0.0504938962056988,False
1397,ENSG00000251655.6,0.0685566553162385,0.1019431341664627,False
1398,ENSG00000101203.16,0.1385640474297756,0.0319649364864899,False
1399,ENSG00000116285.13,0.1565434798340554,0.0140458767437488,False
1400,ENSG00000149136.9,0.1706741178719445,6.515462901648027e-05,False
1401,ENSG00000089195.15,0.1494103681419846,0.021336691473686,False
1402,ENSG00000188603.22,0.0132221142232486,0.1576511596937614,False
1403,ENSG00000100266.19,0.1197514964881288,0.051143660915444,False
1404,ENSG00000163950.13,0.0803081392211521,0.0906969942674777,False
1405,ENSG00000171596.7,0.0631602031842529,0.1080728685195104,False
1406,ENSG00000105397.14,0.0629745891335456,0.1083356821248436,False
1407,ENSG00000127995.17,0.060921131588193,0.1104438638054816,False
1408,ENSG00000167861.16,0.1142807511861112,0.05726757885693,False
1409,ENSG00000159733.14,0.1153345496900247,0.0562365211897498,False
1410,ENSG00000015520.15,0.1549614265488075,0.0166837440761502,False
1411,ENSG00000036473.8,0.0298742917329015,0.1417871250468202,False
1412,ENSG00000204128.6,0.1688926726799542,0.0028306747502304,False
1413,ENSG00000115233.12,0.0141031883704715,0.157637941415612,False
1414,ENSG00000184601.11,0.0700036139137604,0.1018615329183364,False
1415,ENSG00000117724.13,0.0191690914404927,0.1527084105936059,False
1416,ENSG00000104774.13,0.1630872804833817,0.0088470291561945,False
1417,ENSG00000050628.20,0.0565188397346478,0.115433173975353,False
1418,ENSG00000136531.18,0.1089758143643516,0.0633128821013141,False
1419,ENSG00000130304.17,0.0834200292619684,0.0891355756273475,False
1420,ENSG00000160856.21,0.1147606455413579,0.0579121059170361,False
1421,ENSG00000124507.11,0.0468639236005092,0.1258266852902789,False
1422,ENSG00000286522.2,0.0581343672389027,0.1145735168495799,False
1423,ENSG00000170348.9,0.0325996325166258,0.1401425407782286,False
1424,ENSG00000172671.20,0.0097594967585338,0.1629937427852311,False
1425,ENSG00000213203.3,0.1029148169310051,0.0700672256219371,False
1426,ENSG00000079739.17,0.0110634486705869,0.1621304015992073,False
1427,ENSG00000139168.9,0.1114523435379878,0.0618188007670338,False
1428,ENSG00000146007.11,0.1148198719112656,0.0584583111716302,False
1429,ENSG00000171204.13,0.0353406293047482,0.1380200632153181,False
1430,ENSG00000170323.9,0.0244280897745078,0.1490869691452733,False
1431,ENSG00000101367.9,0.1396758988146228,0.0341568798869543,False
1432,ENSG00000023839.12,0.1241536183685233,0.049823075822813,False
1433,ENSG00000135917.16,0.1671954028703779,0.0070678242199382,False
1434,ENSG00000142864.15,0.0948400103130272,0.079427084044918,False
1435,ENSG00000110171.20,0.0281591152038046,0.1463442320517468,False
1436,ENSG00000166845.15,0.1705223018269033,0.0041549183046297,False
1437,ENSG00000178175.12,0.1449627363418572,0.0299175512118236,False
1438,ENSG00000130826.18,0.049105305977785,0.125788492533894,False
1439,ENSG00000170615.15,0.1641884503012172,0.0107432213226764,False
1440,ENSG00000112679.14,0.0828365453774995,0.0921454817879895,False
1441,ENSG00000104671.8,0.0577429828516443,0.1173539589718458,False
1442,ENSG00000188800.6,0.1189139666943912,0.0565269091472145,False
1443,ENSG00000120899.18,0.1483346560667623,0.0271174252994746,False
1444,ENSG00000100023.19,0.1688753918492363,0.0067016136452755,False
1445,ENSG00000127364.4,0.0652828461180557,0.1104839479526052,False
1446,ENSG00000000457.14,0.0933387808018256,0.0825496585968809,False
1447,ENSG00000064300.9,0.0016760395929943,0.1742131939861831,False
1448,ENSG00000196460.14,0.1748569041654219,0.001336063999533,False
1449,ENSG00000076248.11,0.0013623674046571,0.1748903443114086,False
1450,ENSG00000264006.8,0.0264838664182459,0.1498200081348765,False
1451,ENSG00000124496.12,0.0880687236489549,0.088285242668634,False
1452,ENSG00000183060.15,0.1392159157615276,0.037551423084062,False
1453,ENSG00000151617.17,0.1718300775721097,0.0049378188989093,False
1454,ENSG00000205309.14,0.0417128817843978,0.135325803599225,False
1455,ENSG00000166387.13,0.1770425363656944,1.3311285234451085e-06,False
1456,ENSG00000197930.13,0.0261258476544447,0.1509773416802971,False
1457,ENSG00000158169.13,0.0721224827544181,0.1051141136729044,False
1458,ENSG00000219626.9,0.0393129567198709,0.1380289322142791,False
1459,ENSG00000137872.17,0.1273923481935134,0.0499632601549935,False
1460,ENSG00000174004.6,0.1693091948182235,0.0081172377111871,False
1461,ENSG00000162881.6,0.0162462323120083,0.161241316972818,False
1462,ENSG00000205045.11,0.1152675107405994,0.0623211904503243,False
1463,ENSG00000021355.13,0.0072346221289406,0.1705200729400399,False
1464,ENSG00000169607.13,0.0131709079827175,0.1649121416872249,False
1465,ENSG00000251154.2,0.0208942867635316,0.1573564585156428,False
1466,ENSG00000008517.18,0.0150631383135003,0.1633174066779326,False
1467,ENSG00000197629.6,0.1398863928413606,0.0385494990210566,False
1468,ENSG00000196329.11,0.0444595796819812,0.1342017906580072,False
1469,ENSG00000183291.17,0.0123198960637142,0.1663495344496744,False
1470,ENSG00000115616.3,0.0634816174727987,0.1152921485897392,False
1471,ENSG00000156738.18,0.1640035638290835,0.0147767685579186,False
1472,ENSG00000116016.14,0.028631149582731,0.1501634135041074,False
1473,ENSG00000180370.10,0.0703163093454222,0.1086260317213082,False
1474,ENSG00000197245.6,0.1237859785173627,0.0551605122717765,False
1475,ENSG00000176678.6,0.0093343263784885,0.169832994754432,False
1476,ENSG00000132463.14,0.145955873055326,0.0332400170652707,False
1477,ENSG00000197768.10,0.0164879492422485,0.1628267151052151,False
1478,ENSG00000135697.10,0.067368129520325,0.1119523509651799,False
1479,ENSG00000131097.7,0.1251159185810396,0.0542124788517921,False
1480,ENSG00000134538.3,0.0557800646139428,0.1236133197695939,False
1481,ENSG00000126895.15,0.0893417206665169,0.0901108973842443,False
1482,ENSG00000007264.15,0.1620176613620552,0.0175905858024915,False
1483,ENSG00000127419.17,0.1267395426760629,0.0530197881712017,False
1484,ENSG00000117834.13,0.0730222850378902,0.1067870617141834,False
1485,ENSG00000133742.14,0.1598542835761463,0.0200791050093932,False
1486,ENSG00000054392.13,0.0751042868352202,0.1048403239443466,False
1487,ENSG00000113810.16,0.0884251570767206,0.0916497645933336,False
1488,ENSG00000077585.14,0.1237321396577096,0.0563622527695406,False
1489,ENSG00000198947.16,0.0540079655061544,0.1262692403564135,False
1490,ENSG00000106638.17,0.1057539097282147,0.0746491641679561,False
1491,ENSG00000143801.18,0.0689978993941828,0.1114643147374942,False
1492,ENSG00000147996.16,0.019200778374261,0.1613248859623155,False
1493,ENSG00000078618.22,0.0493505248096474,0.1311922076083091,False
1494,ENSG00000123219.13,0.0850215918967872,0.0957808617090256,False
1495,ENSG00000129810.15,0.0302656121135724,0.1506441509677099,False
1496,ENSG00000151475.6,0.1605984196853575,0.0204696892643521,False
1497,ENSG00000172889.16,0.1667791840721788,0.0143255738252311,False
1498,ENSG00000213918.10,0.1268920625227031,0.0542742813336932,False
1499,ENSG00000112308.13,0.1593936927790065,0.0218132412768312,False
1500,ENSG00000152804.11,0.0079061071678358,0.1733666905491937,False
